-0.8068,2.9894
15.6277,3.0346
10.8203,3.6626
11.8279,4.0587
11.9272,5.6549
9.5747,-3.8723
-1.1136,9.9410
10.3325,-5.2520
1.7939,4.2878
1.1720,4.6375
14.4493,3.5199
1.7004,2.4057
-0.4486,7.3916
-0.0763,8.7268
-0.1638,10.2947
-1.5693,4.4301
8.8831,12.0725
14.6212,3.7931
9.1268,-3.3155
9.9385,0.1379
12.4019,5.9561
9.4694,12.2830
12.1452,-1.1172
4.1177,-3.3095
12.3161,-2.6119
12.5160,2.1281
14.3298,2.4535
9.6620,-4.8463
11.2181,-1.5827
10.6687,-3.5441
1.7051,9.6294
10.8119,4.9078
10.7184,-2.8062
9.7036,0.5841
10.8211,2.5511
5.7922,0.2638
5.9823,0.8570
9.0763,-1.5489
10.4674,14.2092
11.9607,-2.5945
10.8329,-3.0972
-1.6482,7.6124
-1.6817,4.8322
-0.6413,8.1752
1.1106,2.7553
9.6867,-2.6763
-1.1676,9.5846
12.9365,4.0027
14.5200,2.8086
13.0101,1.2210
11.3325,6.4198
11.5635,6.3471
-1.4222,9.2488
10.6418,-4.2362
10.6944,-0.1206
15.3051,3.1221
13.7230,3.8852
6.1320,1.1515
10.9443,6.4497
9.6716,6.0137
0.5272,4.7489
13.6650,2.4088
0.6106,8.1501
1.7738,9.5993
12.4317,4.8098
8.9587,-3.6060
15.3097,3.2699
12.1333,4.6961
10.1409,-3.5718
11.3987,12.2883
13.7567,4.1722
8.8610,13.5585
13.2105,3.1039
11.4172,6.2575
9.5737,13.9087
13.1643,0.2589
12.0105,1.3322
14.7326,2.1002
10.7764,13.4177
0.4078,3.5504
9.7082,12.7339
10.4645,4.3832
1.3759,4.8897
-1.8511,9.2056
0.0070,2.0657
-1.1124,8.0663
8.8430,13.2362
-0.8007,9.9273
1.2411,2.2467
-1.9203,6.0079
-0.9351,4.7313
10.6258,5.1858
9.4708,-0.0022
-1.9784,5.3864
12.4450,3.7791
10.5744,-1.6709
10.4884,2.1837
11.1284,14.5959
9.2217,11.6488
4.1361,-2.1160
4.9559,-0.2402
12.6135,4.5274
11.7307,13.9312
11.5463,14.3923
10.5542,-1.2759
3.2071,-3.7954
9.7449,12.6806
-2.2381,5.0453
-1.9135,8.9279
3.9974,-3.0927
2.8230,-3.8693
-1.2077,6.0214
11.7113,-2.0241
11.3297,4.3849
11.0973,5.1594
10.6364,12.9933
1.3837,4.2808
9.0015,-3.0018
10.2504,-0.2265
-1.4187,9.9431
0.9216,8.1654
-0.3368,8.3323
-0.2794,3.2962
9.6095,-0.9952
9.5879,-4.0866
9.8407,-2.1464
-1.5075,9.8551
12.5698,2.9755
12.8979,-1.1702
10.2628,12.7157
3.2528,-3.0945
-0.1588,10.7019
-1.2544,9.9044
0.3636,7.8175
10.7275,-1.0361
10.6208,-4.7255
1.3238,2.4834
10.6070,13.2263
-0.7487,10.3524
11.3949,-4.8140
11.2382,-1.3373
-2.2062,6.7807
-1.6739,5.8783
10.0551,13.5700
3.8894,-3.8711
0.1648,9.4456
10.3427,13.7587
11.8719,-5.3519
3.0763,-2.9026
14.7304,3.0515
0.4198,1.9668
9.4523,11.9368
3.0655,-3.2602
-1.6288,7.2394
15.4191,2.9497
0.7680,8.4111
5.0190,-1.2201
8.0201,-2.6691
-0.4810,10.4204
12.3748,-3.7572
12.1347,5.5374
3.2674,-3.3529
-1.7609,9.0404
9.2812,14.1886
13.1855,3.0756
9.1619,-0.7586
9.1047,-0.8146
-2.2378,6.6802
11.7543,-3.6060
10.6243,-5.0121
10.1873,14.1431
15.8152,3.1393
1.3015,4.3738
1.6425,4.6027
9.8578,12.7371
-1.7975,8.2128
15.4146,2.9851
-0.5539,6.0248
3.1678,-3.6942
12.5277,-4.5570
13.6398,2.9020
12.8938,-1.3811
2.6184,-2.7503
10.0640,-0.4156
10.0579,-2.0063
10.3857,-2.4007
11.6426,5.6212
12.0450,2.3957
10.9676,-3.1085
-1.7717,8.8850
12.7412,3.5656
15.3775,4.0665
1.0337,5.4500
2.6922,-3.7065
12.2132,-3.7057
10.7916,13.4518
10.9883,14.1556
8.2701,-3.9578
-1.0750,4.5253
8.6106,-2.4295
6.3376,1.3555
-0.6877,9.2330
10.8696,2.5493
9.8161,-2.9258
10.3981,-2.4409
10.4419,-4.4179
14.4970,2.9581
12.2594,2.6820
-1.0866,3.2613
11.7014,12.1713
-0.3175,10.0360
11.2068,5.5262
5.4365,-0.1496
0.9864,4.3115
5.3778,0.6875
11.3908,2.9119
4.6602,-3.6793
-0.2929,6.9353
7.9839,-3.6642
14.4292,3.7986
4.8731,-1.6664
-1.7553,6.4173
12.1209,5.1396
10.9241,5.8421
-0.2222,5.7306
14.7644,3.8109
4.5022,-3.4345
-0.3635,4.3932
13.1545,-3.7780
-0.9370,10.0345
0.2866,7.0305
8.9181,-3.2729
12.3040,4.5948
4.4629,-1.6277
8.6627,-3.7856
10.1033,-1.4029
2.9371,-2.7323
15.5405,2.6495
10.1529,-4.0409
12.4688,-1.6364
12.1019,-2.0369
10.2201,-4.6338
11.4590,-4.1323
12.5640,5.2228
-0.4717,6.1137
14.1066,4.3625
0.4157,4.4751
9.6059,5.3639
11.6949,6.1902
-1.9930,7.2659
9.6133,5.3625
10.7136,4.4953
8.3777,-1.8639
9.4301,-3.3204
5.0253,0.3396
12.2203,-1.8569
11.3362,2.3193
-0.0204,8.2371
-1.6002,4.8841
9.5201,5.8428
11.1425,-1.5733
11.9951,0.3502
10.0749,-1.8262
9.9511,-3.6834
11.1792,-3.9285
4.5672,-3.5516
9.1608,-4.4173
0.2184,5.3134
12.7468,5.7458
8.2301,-2.7876
-0.4708,9.2834
13.2220,-3.0299
15.6462,3.4625
10.1610,-3.9894
1.9614,3.7798
-2.0405,8.3315
12.2104,-3.9816
10.8638,3.7967
11.2926,12.4292
-0.8088,10.4685
9.6148,1.1432
10.4814,-3.7053
-0.7759,6.5990
10.4917,14.0270
-1.2212,2.9079
8.8220,14.0225
9.9536,12.3089
13.0051,0.6641
-1.1266,8.4172
7.2756,-3.6950
8.9578,-3.6402
9.5407,-1.4621
11.5461,2.6501
9.8093,-0.0542
-0.3034,8.9825
-1.4369,4.0508
9.7195,0.2939
10.6741,-4.3147
10.7135,14.1618
-0.6715,2.4028
0.1163,7.6636
9.9515,-4.6851
12.8145,2.3888
1.3753,4.8639
15.3201,4.0843
11.0766,13.1149
9.9182,-3.6820
9.0388,14.6578
10.7709,13.8498
9.7499,-2.8690
-1.2388,10.3579
8.6554,-4.3639
8.7869,-4.2853
6.2003,1.2734
10.8437,-3.0151
12.7085,0.9934
14.4759,2.1676
-2.1104,7.2134
14.9882,2.1739
-1.4652,9.5851
0.9937,8.5539
14.0256,4.0608
3.2330,-3.3496
12.0868,6.0032
12.8171,0.0676
11.9126,2.8159
10.4946,5.2506
10.5315,3.6635
12.4338,-4.3363
15.5802,3.9287
11.2783,14.5526
15.0957,3.2369
11.3188,5.6206
5.6240,0.6420
12.4333,3.5737
0.8600,2.2984
9.0037,11.5963
-2.0975,5.3622
14.3490,3.6497
10.0959,2.5067
-1.6141,9.1744
-0.2073,9.7215
2.6247,-3.3215
0.1170,7.9235
11.4160,-1.4759
1.2477,4.1247
11.4218,2.1180
12.5823,2.8437
9.1957,-0.4729
1.1218,8.3844
12.8766,-0.1737
10.7745,5.7421
11.1652,13.5612
11.8639,4.2387
12.3935,2.3161
-2.0227,6.7155
5.7908,0.4339
-1.5634,9.6864
5.2885,-0.3746
8.8492,11.5879
-2.0486,6.8861
10.7320,-2.1651
12.2988,0.9449
-0.1506,7.4170
-1.3268,8.7846
11.4361,14.1326
-0.8647,9.2696
11.2737,2.1476
10.9829,-2.6659
-0.9278,10.2583
10.5430,6.1743
0.0247,4.4864
11.4132,-2.7369
-1.1018,8.8626
11.6818,5.6915
13.0417,1.6521
-0.4983,2.2693
11.5997,4.3077
11.5085,5.6628
11.9392,13.0250
12.6985,-4.1001
11.0989,-3.5596
-0.1419,10.4197
12.6429,4.9498
0.4058,7.9090
9.7402,13.5976
-0.3233,6.0192
12.9695,1.0653
10.9257,-1.1757
0.6405,8.6387
-0.7482,3.5927
8.2916,13.5410
12.1766,5.3031
0.5807,8.1943
4.8225,-1.7296
12.8231,3.7151
10.1655,1.0775
11.6457,-4.5658
9.3095,-0.2696
10.0095,-4.5310
9.4189,-0.5932
-0.2347,6.3216
11.3552,2.3653
-1.4149,8.9912
9.0914,-0.6856
9.7724,-2.0943
-0.4433,9.0480
12.2620,3.4686
9.3866,-2.0148
3.4413,-3.0011
15.1169,2.9812
2.7216,-3.1577
10.8914,-1.3627
13.2287,-2.1477
11.5953,14.1969
14.9306,3.4491
12.4162,-2.4853
-0.7941,9.8407
10.4808,13.7998
8.5507,13.4305
3.3775,-2.9333
3.1365,-2.8720
7.9236,-3.1681
-1.3340,10.4267
0.6478,2.2973
-1.5585,10.0381
12.8912,-1.6001
12.1381,12.9657
9.7332,0.6775
11.4644,2.4350
4.4474,-3.4851
-1.2171,3.6852
10.9070,12.9273
11.7571,0.6767
-1.1514,3.3316
-0.0638,7.2402
3.3480,-2.5898
-1.3923,9.7847
11.3692,2.8335
10.8737,6.3183
10.8642,-1.5834
14.1570,3.0469
12.4627,-2.1079
11.3592,13.8084
13.5439,3.2915
11.4214,4.0772
4.8034,-3.0368
-0.5474,9.7676
13.8085,2.7315
9.9366,-0.2226
-2.1271,5.0695
-1.4602,2.9732
9.2504,14.0335
10.1592,6.4013
5.0785,0.3390
11.6396,5.8203
10.8979,12.8471
11.3685,-3.0345
3.1168,-3.8762
1.9665,4.1258
9.2586,12.8026
4.3996,-3.7230
9.9219,-1.4046
10.6843,2.5798
12.3494,-3.8480
0.6131,2.0085
-0.4918,8.7443
0.1122,7.1553
11.2224,-5.3361
1.4489,4.7362
12.4450,3.0382
11.5217,5.8796
-1.3630,6.5103
12.8160,-4.8225
-2.1480,4.8445
-0.1130,7.6571
3.3617,-4.0791
0.2154,2.8378
10.2032,4.3845
1.8470,3.5290
10.7307,-2.1778
9.8072,-4.2912
-0.1348,10.4379
9.7523,-2.5331
10.9786,-0.3617
9.5193,-0.8334
10.9775,-3.2653
2.9989,-2.8385
12.9966,3.5730
13.0143,2.7331
10.7455,-4.7071
2.3994,-3.4047
-0.1084,3.3067
15.2405,4.2718
4.0628,-2.0139
12.9878,4.9462
11.0407,6.0648
-0.8275,3.8094
11.1770,12.1340
15.0401,1.9500
13.0033,0.4311
9.5901,-1.6568
10.3123,-4.5785
10.0848,13.2111
14.1628,3.0614
10.6079,-1.6630
13.7776,3.1029
9.8191,-5.1644
13.0994,0.0362
12.2263,3.8275
-1.5896,4.0585
10.9209,14.0495
0.2600,10.4225
-1.2209,4.5073
10.3062,14.2939
9.8529,13.4927
11.6074,2.5227
11.4617,13.9266
-0.2399,10.7119
15.8581,3.0878
6.5157,1.3437
0.3627,6.3480
12.2276,2.6079
15.1448,3.0353
14.6080,3.0406
9.5513,12.2349
13.1471,4.8029
11.4664,0.8648
4.9792,0.2482
-1.2187,8.5935
13.4381,4.7418
-1.3515,3.9551
-1.6097,4.8680
-2.2683,6.8105
-1.9657,8.6951
11.1939,-4.5978
12.5173,0.5327
-1.5179,4.6342
0.4291,5.1222
-2.1661,5.6924
9.9983,13.6667
13.0143,-1.8827
9.8835,12.4693
8.6331,-2.6232
12.8380,-4.4423
12.4442,-2.8167
12.5157,-4.7775
-0.3429,10.6388
-1.6789,6.6837
15.4998,2.5676
11.5894,3.6895
-1.9110,7.2230
0.8230,8.7824
3.2536,-4.0001
9.2267,-0.9235
8.2686,-3.5008
5.0608,0.3573
11.5441,-4.7932
0.1534,10.5778
5.4990,0.4433
8.7915,-1.5655
1.1138,9.2594
0.1411,2.8762
-1.9216,5.0119
15.0774,2.5994
13.8440,3.9689
8.2339,-3.9001
11.5074,-1.2487
11.7953,6.1679
-0.4259,10.5619
-0.3879,3.0161
12.2077,0.4419
9.8362,-2.3574
-1.2943,5.1394
9.6068,-1.6907
-1.2094,4.9134
1.0205,5.1562
0.4546,8.9564
11.2825,-4.7344
7.4196,-3.7102
10.8938,-5.0043
-1.5303,10.0245
2.7590,-2.6634
8.6839,13.8296
9.3574,-4.5006
11.9442,-2.4546
10.0477,-2.9512
4.0674,-1.9072
8.9151,13.8828
0.3985,2.6497
10.8330,-2.0460
12.2356,4.9207
13.2952,2.8737
0.3325,6.8399
-0.6084,3.7144
14.7770,2.5733
11.2581,5.9552
-1.1202,9.0243
11.0252,2.5606
10.8312,13.4782
12.0109,2.8767
12.0153,5.3092
9.9187,-0.3534
13.2507,-2.7361
-1.7682,8.3352
1.9332,4.1155
-1.4538,4.0659
-1.7674,6.4588
-0.3372,2.3167
12.2661,-2.1238
3.3011,-3.9687
2.9834,-3.7011
9.4350,-3.9862
4.5452,-1.5103
0.6891,8.5480
11.2297,-4.6579
9.6878,-4.7531
7.9423,-3.7667
-1.4731,9.5695
-1.1400,10.3934
-0.4620,9.2781
3.3535,-2.3940
12.6398,-3.0038
11.0871,-4.8391
-0.1188,2.8268
11.3423,-5.2500
12.3823,3.5590
-1.1261,9.8772
6.3457,1.3782
-0.8585,8.9091
5.6852,-0.3577
10.9183,4.8393
-1.0278,10.0009
4.6376,-3.5580
9.9480,-3.8300
-1.7236,3.9032
-1.0373,10.2748
11.4096,-4.8964
10.7085,-4.0964
12.3663,4.5671
13.9835,3.4419
15.7906,2.9099
10.7335,5.6944
1.3494,2.5648
10.7112,13.9079
14.0435,4.1643
0.0462,2.0591
4.9883,-1.4111
10.3161,-3.5808
12.8016,1.5378
-0.6563,3.3104
-0.9448,5.1670
-1.7677,4.1565
6.2565,0.5828
4.9450,-0.2608
-0.5972,9.5742
11.3745,1.5933
0.1467,8.6066
12.7599,-3.7622
1.4237,2.4034
3.2887,-3.9584
6.4668,-3.4926
13.9940,3.4459
0.5100,2.7607
12.6234,-4.0036
15.8207,3.3907
-0.2179,9.4166
9.6286,5.2356
-1.1779,10.3274
1.0703,2.1091
12.3343,1.6264
5.0770,-0.9225
12.9902,-0.0603
12.8063,0.8244
0.0562,9.9793
5.2139,-0.7158
9.0497,13.4853
11.0629,-1.2661
13.9053,4.3398
0.0131,8.5287
-1.1929,3.1932
3.4593,-2.8024
2.0865,3.9890
-0.5501,6.8417
9.6141,-3.2425
11.8260,14.0660
12.7951,3.4603
12.2367,1.6894
11.7518,5.6367
-0.0912,5.9800
-1.1073,10.3040
0.3164,7.8508
-1.1618,4.5947
-1.7619,4.4300
0.0852,8.9516
5.0876,0.4068
9.8419,-3.4694
-0.2687,9.7282
9.7844,-0.7793
-1.3052,9.8934
11.4112,2.2908
12.3443,1.6322
0.8381,9.3645
9.4644,12.2091
11.0657,13.0670
-0.2369,8.6706
0.6962,7.9777
12.8431,-1.9010
4.1598,-1.7036
11.4655,5.8332
0.0703,5.5175
0.8069,2.6360
13.9053,4.4973
-0.1524,8.3852
11.3610,4.0622
13.1866,2.7787
13.9579,2.9177
-0.8756,6.3667
10.3491,13.9512
-1.9340,6.2249
12.6567,-1.7693
4.2616,-1.7644
-0.8119,2.7885
9.3166,13.9915
2.6829,-3.7188
12.6441,5.6653
13.0279,-1.7589
-1.7772,8.5049
-1.7686,9.7682
-1.1502,10.4213
11.2469,14.5574
12.2506,-0.4417
15.6391,2.6509
13.0596,-0.5097
1.2597,8.8393
5.4378,-3.4246
5.1724,0.5019
11.3229,-1.5070
0.8949,8.3303
0.2563,10.2598
11.5079,13.1150
15.8138,3.1403
11.7425,-2.7776
12.6627,-2.7047
-1.9704,5.0136
15.2866,4.1584
0.0963,3.7020
5.7758,0.6159
14.5717,3.8156
9.6974,-3.9080
5.7841,-0.3189
11.9262,13.4365
12.2410,-1.8347
10.7627,12.4216
11.0675,12.1008
9.6760,-3.6664
12.3566,3.8611
10.4260,3.4108
5.4993,0.5067
0.4786,2.8896
-0.4486,8.1610
11.2393,14.5782
10.9672,2.6406
10.7847,-0.3822
0.2792,8.7862
-1.9162,4.7194
12.6591,5.2212
12.9183,-4.2923
5.0266,0.0971
2.8837,-3.7088
-0.3117,10.0459
15.7498,3.4271
8.7340,13.4811
7.2243,-3.6174
1.8731,4.2571
1.3002,9.0475
10.1926,-1.3572
-0.7189,5.3622
12.2264,-2.6075
10.9928,-4.0810
15.3743,4.1306
9.3893,-0.6776
9.9546,12.4102
9.2120,13.2178
1.3563,9.3890
-1.6345,6.1220
10.7381,-1.2313
-0.5684,6.6885
12.2310,0.5384
13.6417,2.9916
9.5763,0.9131
12.1701,4.9665
-1.5898,9.1207
13.1754,-3.7938
3.1395,-3.4346
-0.7012,3.3221
9.1364,13.6090
12.6470,-0.4214
-0.0212,10.5940
10.9502,13.7867
0.4657,2.4621
10.4864,4.5643
11.3636,5.8757
-0.0185,5.4699
-0.8376,6.6556
9.4883,12.3604
10.1636,12.8174
-1.9245,5.5217
12.1343,5.0482
11.1649,1.2183
10.9060,-3.4473
4.2298,-3.8217
15.6206,3.2605
-0.3705,4.9928
1.4714,9.3352
15.1354,3.2487
15.2876,3.5283
9.3310,14.2959
3.6842,-2.2961
-2.1791,6.9106
11.4217,4.0816
-0.6610,8.7224
-1.5143,4.7878
15.5159,3.3683
11.3663,5.1985
14.2360,2.3576
9.9082,12.4052
9.9856,5.0149
5.9092,0.9869
15.1818,3.7014
11.4092,4.3778
9.5380,14.0422
-1.7307,8.3552
10.6724,-0.7331
-0.2810,9.3969
11.3558,1.2800
-1.8901,9.0647
9.4258,0.6783
11.2446,-3.6497
15.6035,3.6892
9.9839,-0.5640
10.0315,6.1581
10.0231,-4.4915
0.7116,8.0065
-2.0041,3.7875
1.6837,9.5229
8.1463,-3.9365
3.1918,-2.8644
-0.4592,10.0651
10.5593,3.6168
9.8786,4.0664
9.8076,-2.7351
10.6569,14.4953
3.2993,-3.7370
9.9332,5.7768
9.6679,-1.6056
-0.1680,10.6787
0.7562,5.3270
11.8469,2.6816
-0.3214,2.6458
9.7419,-0.9783
9.3769,-3.0740
-0.8644,4.7041
12.6040,1.7325
11.3804,14.4131
11.6830,3.9496
-1.0244,2.8213
-2.0342,3.9470
10.3682,6.0766
-2.0358,6.6097
-1.1478,10.0753
12.9678,3.4907
9.9735,-2.2119
-1.4938,4.8105
9.5125,12.3140
11.4434,5.1585
11.6732,6.2249
15.5689,3.2039
10.0167,-3.5856
5.8710,0.8644
15.1580,3.9872
14.1764,2.8085
11.9017,-2.5176
10.6109,-4.3822
-1.2822,6.2515
9.0614,12.4070
-0.8888,2.9548
6.2439,0.4974
12.7272,2.9624
12.7311,-3.9031
-0.1533,9.4125
12.3386,-4.0429
11.0407,2.7062
15.5283,3.7267
5.7353,0.6446
9.1201,-3.8665
-0.7148,4.9399
10.6270,13.4815
9.6211,0.3744
2.0837,3.8505
9.8121,-4.2941
5.0324,-0.7176
0.5246,4.6795
10.5395,-1.1375
-1.8488,6.3224
14.8480,3.8032
14.0243,2.4065
6.4681,1.3180
-1.5820,6.5638
11.6680,12.3501
12.4342,4.7525
12.8601,3.6613
9.5840,-1.8928
-1.7892,6.4704
0.2660,5.3662
9.8521,-1.4956
1.2210,4.6350
9.1754,12.6564
9.3327,14.0137
-0.0409,7.5081
-0.2249,10.3459
-1.2249,7.4525
9.3229,11.8589
12.2176,-2.6881
-1.6689,4.2922
11.9249,-2.3666
0.1858,8.5146
1.0822,4.9071
-0.7842,10.2833
10.2157,5.5339
2.7058,-3.7378
11.2986,4.6071
-1.1765,2.8862
12.5089,-3.1135
9.4518,-4.1578
1.2603,4.3540
-0.0365,8.3850
-1.5105,9.4408
8.6012,-3.1671
9.4970,-4.5659
12.9768,-0.1851
0.2108,1.9996
12.4440,2.7261
-0.4449,8.4549
12.8126,-0.0801
9.6644,-1.2811
-1.9436,4.1552
1.9044,4.0688
12.6780,3.4467
8.9948,-3.8049
12.8740,3.4348
13.0658,1.2565
0.2832,8.3763
-0.7516,7.4357
9.7777,12.5911
8.4771,-2.2530
0.7360,9.0017
-0.8859,10.5634
5.0375,0.2806
10.1074,14.1820
10.9523,-3.3229
10.8559,6.0214
-0.8222,2.4924
-1.2341,8.2794
-0.3364,9.9117
14.3922,3.0139
13.1062,0.1874
15.4537,3.9378
3.3324,-3.7481
-1.3259,10.0379
12.1998,-3.2517
-1.7056,6.1593
3.2386,-3.3957
10.6715,-4.6710
-0.7276,9.8663
9.8188,-0.1414
11.6093,2.8667
12.3846,-4.9268
-1.3854,8.9928
13.1240,-2.1548
8.5493,13.3184
12.2482,-2.0741
10.8619,-5.1727
-0.3117,9.8200
3.9082,-3.8985
12.3858,-3.8615
0.0497,8.6651
0.0704,3.3339
11.4923,2.5536
10.1040,-0.9162
0.5066,3.1047
5.6016,-0.2938
-0.7102,6.2110
12.8137,1.3725
-0.3370,8.3491
0.4379,7.9684
13.1399,1.2332
10.4639,3.1387
-1.0647,3.0527
3.5624,-3.4764
11.9872,13.0507
9.7154,-5.0846
12.1221,-3.2226
10.9313,-3.4729
9.1631,14.3320
12.3867,4.9641
1.7119,9.7813
0.1925,8.7470
-0.0639,4.3786
13.0852,0.6066
4.4889,-1.7914
11.9267,5.5828
1.6015,9.4752
15.3566,2.2674
12.6577,-0.8000
4.3842,-2.4868
10.9381,13.4057
8.1946,13.6384
-0.9421,3.9537
10.1291,13.4285
10.1702,12.6614
13.0568,0.7061
11.2852,-4.7786
-1.3486,8.4875
10.9590,14.3888
1.4585,9.4361
12.7273,1.7039
11.1949,-3.3960
1.0003,2.4171
-1.8259,7.0372
3.4215,-3.9754
9.9082,0.4615
10.8450,-5.2029
9.7233,5.0747
-1.2707,3.8524
8.5080,13.4240
-0.2361,2.2551
11.7905,5.8304
12.0937,3.4255
10.5332,3.9999
-1.6005,6.1117
15.1113,3.5844
-2.0960,6.6107
8.9066,11.4828
9.5135,-0.6519
1.0368,8.4208
12.7548,-1.2756
9.3092,-0.3267
4.2376,-3.7029
10.4051,4.3664
3.3505,-3.1879
-0.6468,2.7230
11.9563,13.0397
11.9208,3.4474
9.4155,-2.2296
-0.8611,8.9231
15.7018,3.0615
12.5818,4.9064
1.7332,9.8029
6.0695,1.0533
-2.0297,4.8822
12.3349,-4.0824
0.5290,2.0344
13.0686,1.4388
9.8632,0.6011
5.4704,0.3244
11.2791,12.2905
-0.4388,9.8665
8.0340,-2.6750
-0.3631,10.6401
8.2172,-3.8937
10.9905,3.7978
9.2744,-3.7575
15.7252,3.5295
10.5190,3.5994
-0.2657,10.7749
2.0260,3.9429
12.4462,0.1868
15.0474,2.9438
-1.8792,5.8138
11.4716,13.2181
10.2546,-0.3194
0.3149,8.3211
3.0136,-3.8292
13.0247,2.6106
-1.5952,9.7019
-0.5174,2.9443
8.5186,-3.0750
0.8484,2.5175
-0.9113,4.4097
9.4142,-0.7233
11.3929,0.6984
13.0985,4.8208
11.5747,2.2577
-1.6311,5.1997
3.5148,-2.8064
8.1200,-3.2317
10.8565,14.4377
13.6326,2.7608
11.3852,0.7834
10.6538,-4.7983
13.5488,2.3078
10.4756,13.6948
14.0026,3.2424
12.1723,4.8496
-0.1304,10.6810
1.1439,2.4359
12.3097,-3.8833
11.1131,6.4970
13.2814,-2.1806
8.8995,-0.9357
-0.8394,8.2663
8.6138,-1.9965
12.6983,-2.9474
-1.6790,5.0782
10.9182,5.2049
9.7501,0.1624
4.8413,-0.1023
3.5985,-2.7710
15.2060,4.0021
11.8683,4.8496
3.8049,-3.5346
10.6510,-4.7862
-1.0215,5.5558
12.3755,-3.2573
11.0550,-3.7503
-1.3779,4.7347
-0.0827,3.3472
9.6615,-0.8205
9.9718,6.0724
11.9434,5.5233
1.4282,2.1867
8.7654,13.5379
9.5290,0.7093
12.3175,3.5853
3.5410,-3.8996
-1.4740,6.6249
9.5553,-3.0389
-0.1704,10.4117
9.3862,12.4778
12.8511,0.9002
8.5814,13.6107
15.3828,3.2960
8.6465,-1.6473
9.0361,-3.9701
7.3691,-3.6786
9.8657,0.3917
11.8666,2.1067
1.3116,5.0680
-1.1604,6.2457
11.9757,1.5976
-1.5809,9.8529
11.3389,-2.6745
1.0333,5.4214
0.3790,5.0582
11.1080,2.8054
9.2479,-4.2650
10.4428,6.0848
13.8077,2.7288
3.3372,-3.7187
12.3384,-2.3479
11.2678,13.6024
1.2637,3.8346
0.3287,2.6045
0.2959,10.5030
14.8385,2.7227
6.2796,-0.0184
10.9415,13.6636
-0.2131,9.6501
15.2207,3.3056
11.9479,5.4894
11.1285,14.1069
10.8682,-2.6977
-0.8163,5.5717
13.1692,-1.7175
11.2979,-4.2534
13.1581,-2.1385
12.7357,-3.5690
9.4029,-4.4508
-1.4779,9.0889
1.4896,4.7516
10.9203,4.6163
10.2729,2.6673
4.4538,-1.1847
9.9749,-1.3646
-0.0365,3.2249
-1.9346,5.9487
-0.1723,8.1934
13.2318,-3.1616
2.4738,-3.3354
11.0045,4.8855
0.6256,8.4643
8.9929,13.1135
13.0625,0.7641
12.0158,6.1028
-1.1320,9.9040
-0.9018,9.9512
9.4800,-4.8071
9.3545,13.9276
10.0297,13.9672
14.8333,4.2687
4.4161,-3.6839
8.0440,-3.0574
11.0719,13.7232
0.2837,8.9492
-0.7885,3.9418
11.1064,-3.6405
12.8586,-3.8579
0.6055,8.2138
0.0420,10.2273
9.9443,1.5909
9.2207,11.9388
-1.5464,9.1059
-1.1905,9.5171
9.8766,0.2749
10.2709,-1.9874
14.2229,2.6693
0.3156,8.9377
13.0505,2.7520
2.8957,-2.7564
-0.5222,9.6934
4.0326,-2.0252
1.5291,4.5719
1.0719,8.7471
-0.2232,10.6896
10.5333,13.3325
9.9284,0.4341
0.9183,8.3121
14.7889,3.0715
9.9420,0.3058
11.0534,-0.6728
3.0474,-3.5780
-2.1027,5.2039
7.7884,-3.7897
3.5019,-3.6230
0.5177,8.5512
10.1981,-0.8368
-0.8353,2.4474
1.3054,5.0859
-1.2153,9.9868
-1.4501,9.9976
-2.0056,5.2750
13.1847,-1.4230
10.2272,13.3608
9.0573,-3.1665
9.5760,-1.8942
11.0349,-1.5897
-2.2487,4.9924
6.5344,1.3012
12.6056,1.4875
0.2775,7.8730
12.1943,3.0014
12.7680,-3.9468
8.5408,-1.0691
10.0861,-2.0951
1.3087,2.4267
-0.5674,2.3412
9.7429,-4.1794
-0.8380,4.8794
1.9524,4.0775
10.2709,0.1630
10.8711,-4.9574
12.0430,-1.3687
12.4428,-3.8561
14.1931,3.0245
-1.9157,8.4594
12.5259,3.8297
9.2983,-3.4117
12.6179,1.7816
0.3108,5.9927
12.3555,3.8643
12.5457,1.7894
11.0236,-2.9943
11.1799,-2.8857
9.9305,-2.1679
10.5437,-1.4112
10.8620,14.4155
12.1084,0.5406
3.2504,-3.8381
10.9366,-4.1049
11.2127,5.9989
0.0867,8.6769
0.0408,9.8777
12.9925,0.8457
12.3880,6.0316
1.1660,8.4846
9.7747,12.5901
14.4111,4.0165
14.7118,4.1295
0.8731,9.5266
10.7999,2.8221
10.7195,4.3169
12.2369,-1.1484
12.6594,-2.8844
0.3094,2.9494
10.9117,13.0997
4.1034,-2.0413
-1.2380,10.0269
-0.2746,7.3281
1.2825,2.4008
12.3574,-1.2263
8.4003,-2.2555
-0.4254,10.5129
15.2872,3.2497
11.5329,5.6640
1.7602,2.3551
11.1190,-4.4001
-0.2105,7.8435
10.1855,2.5408
-1.6519,6.5072
0.1475,8.4989
15.3175,3.8514
11.0972,-2.9348
0.6765,5.2143
0.9663,8.5326
12.8206,2.1552
10.4975,-3.6551
3.1444,-3.8707
12.3776,-1.6660
9.4965,-4.8149
13.0520,0.7163
-0.3198,4.1323
8.2803,13.5476
-2.0274,6.1403
12.9117,-1.1359
11.9933,4.8905
12.0587,3.1448
13.7604,3.2048
13.2835,-3.1200
13.6809,3.2101
12.8311,-3.2502
-1.8012,4.4580
8.7702,13.2093
4.9775,-1.8921
6.0063,0.3282
9.5122,14.0740
0.1746,3.5156
-0.0955,5.8698
11.1062,-4.0330
0.9273,8.6053
11.6298,-5.1945
0.6638,3.0887
10.6948,-1.7355
9.7322,-4.5796
10.5142,2.8317
9.7862,-5.0755
11.8122,-2.2041
1.0318,9.0874
11.0452,14.1270
-1.8531,5.9671
10.5495,2.5906
4.5171,-2.0500
12.5071,3.6316
10.5398,2.3555
10.3427,-0.2939
11.5859,-5.0865
11.0982,5.8969
5.3282,-0.6320
12.3975,-3.7625
0.5935,7.9932
6.3767,0.4835
12.6572,4.0445
1.3916,3.9721
10.6379,1.1392
11.1025,2.4977
11.9746,13.1120
10.8147,-2.8184
10.5764,6.5072
0.9862,3.9237
13.0569,0.0866
-0.7027,2.9965
12.3405,-3.6348
12.5919,-3.2680
9.0492,-3.7526
3.4651,-4.0627
13.0266,-3.3550
3.0329,-3.8200
4.8163,-0.1610
11.7740,6.0817
9.3730,-0.4952
11.1025,-5.2228
5.0713,0.4018
12.1691,-2.3182
-0.2325,10.6869
12.6797,-4.0006
-1.8841,4.9330
10.0261,-1.9198
8.9195,12.0308
15.1129,2.9789
11.2283,-0.2930
11.5166,2.6911
11.0055,-3.0619
-1.7457,6.7296
8.0785,-3.3862
10.5498,14.1075
12.5815,-2.9677
11.2927,2.4493
9.1247,14.3482
12.0167,3.6160
8.8599,13.3537
6.4255,1.2852
4.6290,-3.2529
-1.8031,9.6139
1.3178,9.4778
10.5825,-1.9609
9.0456,-4.2986
12.1888,5.6366
1.2514,4.9631
13.1048,0.3748
10.1017,-1.5133
14.0661,4.0176
-1.8088,8.4355
11.6994,12.3497
4.8574,-1.2422
-1.3077,8.8715
10.8832,-3.3314
-1.1770,3.1269
-2.0570,6.0539
9.8487,0.0209
12.9767,4.6851
12.0044,4.6074
10.2299,-4.3591
-1.8116,9.1673
10.3620,-2.6422
15.0191,4.1062
11.6212,-5.2470
0.7016,9.0719
0.7763,8.4268
10.5561,-0.7341
-0.0006,7.2157
13.2575,2.8027
2.8228,-2.6499
11.2743,-4.0292
10.5388,-3.9278
0.0392,4.8680
10.5133,3.7616
2.9385,-3.4199
-1.6268,9.2161
13.2879,2.8193
1.9277,9.7737
9.9041,-1.4822
-1.3914,9.4456
12.7789,1.2181
-0.8849,7.9604
-2.1189,5.1057
12.7164,3.0396
-1.6185,6.8281
-0.7546,9.1459
13.0169,0.2216
10.3249,3.9361
12.1148,1.7087
-0.0219,8.8682
12.3933,-5.0085
0.2353,8.8916
12.6017,-3.0259
1.2683,8.9462
10.9248,-3.6194
-0.3131,8.1385
-0.0930,9.2861
11.1067,5.1759
14.5984,3.6230
10.4043,4.5415
12.6928,3.5259
8.9092,11.3100
13.3649,-3.3814
-1.9612,5.3159
-0.4563,6.5392
1.1875,2.2933
3.2377,-4.0043
10.3151,5.6896
10.5097,-3.1862
9.9092,-0.8241
15.3201,3.1168
11.5378,4.3479
-0.4497,10.5769
2.9107,-3.8929
-0.0295,6.8962
-1.0207,9.7120
-0.4385,9.4124
11.5438,5.8264
0.2996,7.3331
10.0717,5.8999
10.8760,13.1446
11.4112,-0.3626
12.3193,-1.7585
3.3563,-3.4962
-1.2147,3.9837
0.0368,6.2695
5.2539,0.1990
11.3042,2.6360
1.9361,3.8508
0.5172,9.3811
9.4155,-3.3055
12.8077,0.4239
11.4231,-2.5935
12.8759,5.1158
11.0935,3.6078
0.4938,7.8964
12.3791,-4.4586
9.6444,12.3633
9.0984,13.4425
-2.1607,5.9385
10.3938,14.0997
12.2208,2.9577
10.7394,13.1939
-0.2044,10.5185
11.2040,6.1593
-1.5316,3.6577
11.6017,12.4044
9.0920,11.7152
10.7681,4.5475
11.2492,5.9857
9.7745,-3.7705
11.2357,12.5545
11.1358,12.2134
10.1647,-5.2182
13.8605,4.1301
-0.2215,10.6953
9.3863,13.9002
-2.1100,6.8235
10.7852,-2.5685
12.4904,-5.0083
1.1572,8.4668
5.7649,0.8843
3.2090,-3.9906
11.3110,2.6708
15.8373,3.2692
3.2258,-4.1011
1.0025,2.3144
0.7158,2.0036
11.3583,-3.8547
-1.8141,3.5427
5.0008,0.2218
13.0187,-2.0004
9.0940,14.5814
11.3669,12.1376
13.4257,3.0175
12.8696,4.9569
3.1969,-2.5134
-1.7055,8.8100
3.6093,-3.6912
11.2647,12.5412
10.8630,4.6332
9.6950,-0.4140
12.0079,6.1718
8.3484,-3.4916
-1.3374,4.7347
12.8525,5.0943
9.2871,13.9521
11.9920,5.3991
2.6862,-2.8609
13.1720,-2.2261
-1.9583,4.7489
-1.9414,8.3226
9.3801,12.0771
-1.9255,4.0453
-1.3381,3.4636
10.9707,4.4931
10.1855,12.5878
9.6438,5.4530
12.8161,2.6382
12.8712,5.5612
10.0066,-4.1013
1.1905,2.4282
0.1672,3.6405
10.0786,13.6564
10.6856,12.3784
-0.1459,8.1259
10.9411,-4.9514
11.4010,12.1083
-0.3336,10.7708
-1.3964,4.9986
1.1871,3.6601
-1.2536,3.7829
9.5152,13.9649
1.8795,4.2243
-1.7606,4.8796
11.4675,-3.4249
3.6977,-3.0258
-1.1483,8.9866
-1.3605,9.7479
11.2691,3.3967
-2.0213,9.1542
5.6748,0.9602
0.4491,3.0547
13.6705,3.3846
10.6215,-4.0870
-0.4588,9.8921
8.9652,-2.3241
12.9403,2.7516
12.7905,5.0530
0.1273,2.8581
12.4221,-2.2161
11.6729,-2.0130
9.6331,-0.6823
8.8524,-3.7134
2.4667,-3.4305
8.8675,-4.0397
-1.0841,9.7388
15.0856,2.5604
13.7938,4.0456
12.3903,-3.6561
9.5289,0.2730
14.3594,2.8934
9.4144,-0.1900
10.0589,12.5250
9.5847,-4.2166
5.1380,-0.4863
13.8630,3.5968
0.0537,9.5905
11.8937,4.4551
9.4321,5.9349
3.8802,-3.9449
-1.3432,4.0731
3.5721,-3.9561
7.9908,-3.3939
-1.0807,3.4915
13.0553,0.3534
4.6390,-2.0625
9.0648,-1.0703
9.5998,6.0094
-0.9527,9.5982
15.8559,3.1309
1.4455,4.8240
2.8463,-2.6744
9.5819,5.8049
13.0236,4.9551
-1.0150,10.3786
4.1292,-3.7199
9.5951,-0.3112
3.1537,-3.9193
11.8478,12.3732
-0.4427,6.1581
10.6971,-4.1582
11.5959,2.6165
3.7232,-3.7046
12.6538,2.1214
0.1882,2.8246
10.0273,12.4833
0.7446,2.2162
10.4720,1.8979
10.8817,-5.0061
12.0753,5.5768
11.0066,13.6691
5.3137,-0.6216
10.7770,-2.6307
0.8858,4.6670
15.4235,3.3633
12.8147,-0.3885
9.4528,-4.6911
12.3289,-4.6849
10.0500,-3.8477
9.1422,-3.4188
12.3733,5.9966
10.6877,6.4269
11.6569,0.6070
10.7723,13.1491
-1.5556,3.8703
0.9918,4.5611
1.0121,2.3514
11.7859,-1.4332
10.2118,-3.6609
3.9064,-2.2628
1.0354,2.3249
13.4004,4.9667
11.0238,13.6280
12.2722,-3.9655
10.9898,3.2671
-1.8897,4.0215
9.7164,5.1358
10.5869,13.4516
1.0575,8.3926
8.8809,13.2389
5.5383,0.8743
12.9112,4.9505
11.2595,-3.8079
10.2118,13.3101
11.5194,12.2221
-1.5508,5.4308
11.3746,-4.0598
11.0700,14.0258
10.9148,3.7390
15.1281,3.7432
12.5462,3.1596
10.8049,-3.2841
-1.5552,5.7834
10.2060,12.5152
10.1186,-0.1135
4.7913,-3.6363
10.0927,-4.8755
-2.2482,5.9800
12.8781,-2.1942
1.2862,5.0111
11.5177,5.6916
12.8077,1.2324
12.7266,5.5275
-0.4762,10.5681
-0.1248,10.4128
11.5856,4.1598
10.2744,2.5376
-1.6171,4.9182
-1.8967,7.5552
13.2958,-1.5929
9.3109,14.2635
10.5008,6.1184
-1.8023,6.4486
8.6213,13.4655
12.2378,2.4319
11.5731,13.8583
5.3970,-0.6503
10.7785,13.9270
0.1829,2.9171
4.0808,-3.9024
0.2569,3.4230
9.6529,5.3412
9.4434,-3.6344
11.3951,13.7086
11.1002,-2.8536
7.8652,-3.3240
-0.8727,2.7930
-1.5867,9.5193
9.9792,-3.7180
11.1813,-2.6464
12.9970,-2.1909
10.7174,13.8145
10.3269,-0.1723
0.1347,2.2361
11.8809,5.1462
1.1946,4.5573
9.8416,-3.6028
-1.8487,9.0493
15.2385,2.8448
10.6996,-3.0445
0.4895,4.7605
-0.2653,5.9157
-1.3852,5.1311
-0.8784,9.1560
14.6651,3.3040
-1.2531,3.4162
10.0306,-3.5836
-1.0885,3.8749
1.2174,4.9893
2.7643,-3.5313
10.3687,12.9373
12.0002,6.1624
15.0217,4.0054
-0.9313,10.3193
0.1129,2.1810
10.6622,2.5688
11.9124,3.5036
1.0306,8.7635
10.5611,14.4769
8.4552,-3.6433
12.0429,13.1168
-0.9056,9.9544
9.5846,5.8275
11.1268,-1.2246
9.8003,-3.7933
-1.0991,3.0569
2.8724,-3.9278
10.9336,-1.9363
12.7547,5.1344
12.6833,0.8524
5.4088,-0.6885
13.0491,3.1482
11.2544,-4.3421
9.7811,5.1748
12.4314,-4.7947
-1.9095,3.9766
0.8322,2.6485
13.0824,-0.4264
0.9098,8.7128
10.8521,5.7003
9.4774,12.9515
4.8974,-1.0331
-1.8587,8.3315
6.3772,0.4167
-1.9560,5.2726
12.3999,-4.2222
12.1836,-2.2443
10.5731,2.8714
-0.6718,8.0819
-1.8160,6.7441
0.8932,8.5897
11.4537,-5.2788
9.2552,13.0996
1.4543,9.3735
11.4241,4.0581
5.4943,0.5816
12.9152,-4.1622
14.6117,3.8790
15.0985,4.3071
-0.2894,8.0400
9.3990,-3.3749
10.1580,-2.2482
0.5144,8.4465
2.7206,-3.1815
12.0203,5.8294
-0.0142,8.8085
9.9733,0.5220
15.1322,4.3083
0.5034,5.0366
11.8944,13.5240
11.8263,5.8458
11.0600,-0.0234
9.9679,12.9121
5.9338,0.4296
-1.7037,4.5552
10.8500,0.1954
11.1783,2.4796
12.2178,-1.9532
-2.0705,6.8748
12.4483,2.3210
14.8387,3.8385
9.2837,-0.0461
14.4822,4.2729
-1.5808,6.5388
5.8697,0.5474
11.0342,-3.3648
-1.3027,4.7283
9.5467,1.2700
10.4372,2.6809
10.3224,14.1007
12.6814,5.2105
12.8556,-4.8007
11.3921,4.7367
-1.2740,10.1277
8.9684,-0.0040
11.3240,-3.9883
4.2129,-3.6570
9.7956,-4.8798
-0.8851,10.1556
-0.0816,3.9239
-0.7530,2.6693
9.9738,-1.6328
-0.0668,6.3128
11.2542,-3.7682
15.4567,3.1668
8.3338,-3.9866
-0.0404,3.2041
11.6927,2.6271
-1.0956,7.7936
-0.0821,2.2254
15.7185,2.9314
-0.9464,5.2746
-0.2479,3.6622
14.6344,3.3182
-2.0748,5.1958
1.0367,3.6326
15.1580,2.7325
15.6248,3.1147
11.5644,3.3566
-1.7867,4.0248
11.2034,-5.0832
12.3460,-3.8892
10.5592,2.5692
9.6916,-2.1552
1.3988,2.7171
10.7262,13.6657
7.1552,-3.6438
-1.8842,3.7414
15.1029,3.5113
12.4143,5.0944
12.2321,2.8712
10.7598,-3.8238
9.8213,-0.5196
8.9138,13.2704
-1.8349,3.8373
-1.5518,8.7426
-1.8570,5.3323
-0.1645,10.5741
10.4682,14.0363
-1.5769,3.3446
4.8513,-1.7215
5.5921,-0.1081
4.8937,0.0763
13.3481,-2.2323
11.6156,2.8276
11.9853,12.3070
10.1105,13.6697
0.7021,4.9983
10.1249,-0.7000
1.8252,2.7173
1.7679,4.3553
13.5402,2.7209
12.5774,1.0649
1.7440,3.4100
1.8407,4.2444
10.4425,14.2385
-1.3146,2.9951
9.6350,12.3835
-0.2262,10.3575
9.4492,-0.1831
-1.1995,9.4512
12.2441,5.9840
12.0996,4.9428
-1.4870,9.1509
15.1695,3.3658
-1.2070,3.3229
-1.6110,6.7291
0.4569,6.0526
11.1233,14.0841
12.4633,5.6421
-0.0045,8.4359
10.7527,-1.3560
-1.9039,6.6012
12.3161,-2.2376
15.2320,2.2856
-1.8918,6.7126
7.1254,-3.6733
10.1770,-3.5224
-0.6620,3.0599
13.2237,2.7138
13.2719,-1.5531
10.5723,4.5827
9.9044,12.5846
0.0218,9.6495
10.2720,-4.6487
9.6127,-3.2588
0.7556,3.2653
-1.7386,6.5100
10.6919,5.3570
10.0598,14.2127
11.5862,-0.6492
-0.6492,10.4331
0.1895,7.6405
-0.6594,2.5928
5.1215,-3.5103
10.8201,-3.8876
15.0770,2.5401
-1.9315,9.1417
11.0558,-1.3176
9.4871,-2.5011
9.6208,-1.8798
9.5155,-3.0159
14.3699,2.1132
-0.2100,6.5998
10.9185,5.0633
14.8393,4.2565
9.6564,-0.4938
11.0085,-1.3776
-0.7681,9.1729
15.2870,3.3127
0.3496,3.0644
0.2443,10.5523
11.6039,5.2363
9.6411,-1.0222
1.2581,8.7052
11.2161,6.2269
10.8562,5.4714
15.3639,2.8840
10.6017,-3.9894
10.0595,-0.2527
8.6157,-3.4798
-0.4581,6.3655
4.9489,-0.6070
13.5337,2.8360
5.8728,0.7618
8.8965,14.2540
9.9369,0.0381
-0.8938,10.2547
12.9187,4.5758
5.1798,-3.5150
11.6557,2.1636
5.0374,-0.5021
11.0693,13.9040
-1.4064,6.6249
9.9807,-2.3200
10.6695,-3.7394
9.7063,-3.8298
9.4105,12.5453
10.1897,2.5705
4.8383,-0.0344
9.4068,12.9925
11.3388,5.1797
10.0231,12.9784
7.7537,-2.6916
11.2338,13.5923
11.7340,2.7851
14.6432,2.5128
5.9221,-0.0314
12.5498,-3.0411
3.1004,-3.3502
11.3615,5.8355
0.7698,9.0600
10.5442,13.2608
0.6456,2.5735
9.3476,5.7513
2.9291,-3.2678
15.2007,3.6877
2.0769,3.9160
4.4783,-3.7697
10.1771,-3.7303
10.6147,14.3653
8.8341,-4.0772
-0.1233,10.0824
10.2983,13.7080
10.7175,6.0665
1.1034,8.5011
2.7099,-3.4263
12.5746,-2.0979
0.0031,8.2978
8.3537,13.5851
0.2940,8.9933
11.8799,3.8251
5.2792,-0.5189
-1.7921,5.8862
10.3373,-3.9448
9.4693,-2.0386
12.4075,3.6202
0.2002,5.3911
12.9667,3.8694
14.1770,3.4873
2.7831,-2.7410
-0.2436,4.0833
9.7966,-0.2891
10.8704,0.0315
11.6176,3.5146
9.2098,-3.5587
5.0113,-1.5290
8.9822,13.4848
9.8342,-3.5741
-1.5993,6.4532
10.1476,14.4058
4.5043,-3.6030
11.2486,-1.7607
10.1552,5.8196
15.2953,3.8780
10.1930,13.9001
-1.6184,6.5373
2.0152,9.8800
11.6646,12.2133
-1.2640,4.7121
9.9318,-3.6648
11.9666,5.5673
11.3957,12.1802
12.4092,6.0101
15.2517,2.1519
-1.8781,6.0691
11.1955,-4.4119
11.4519,2.1628
15.4132,2.4300
-0.1925,7.3761
11.8005,13.9205
12.6322,1.7263
11.0340,4.3209
-1.9817,5.5952
-0.8650,6.4210
12.2132,-2.2622
11.4639,4.7150
12.8864,-0.1813
10.5377,4.1286
12.2487,4.6689
11.9416,-2.3759
4.2877,-3.8229
0.3795,5.2049
-0.6309,2.5799
1.9412,3.9326
14.9791,3.7682
10.8274,6.2795
15.1649,4.0753
13.0976,-4.0368
10.1772,2.7748
3.9941,-1.8854
-0.9328,2.7332
10.5113,-1.8870
9.9580,12.7366
12.9067,0.4346
-0.1428,4.4785
11.7742,-2.5258
11.5364,4.5206
8.6388,13.3809
-0.1406,6.5224
0.1454,3.2014
9.8201,-1.0894
-0.3576,10.2813
8.8527,13.3425
9.2277,-2.1218
14.9610,3.0352
10.6452,-5.1820
12.3619,-2.2120
10.4132,12.5691
12.7150,-1.4985
15.2788,2.1273
9.9923,-2.3443
11.7599,-2.0152
11.1076,-4.9174
10.4233,3.0820
11.0396,-1.7223
5.2446,-0.3451
-1.6726,6.8897
-1.3044,2.8955
1.0544,5.3529
0.6372,5.7467
-1.1260,10.1284
5.2360,0.5493
2.9225,-3.7182
10.5018,4.6452
12.4091,-5.2117
13.0837,-0.8772
11.5734,12.1392
-1.3034,6.9633
12.9139,-1.5703
11.6990,5.8768
11.2358,6.2297
13.0490,3.4809
9.6181,-0.0937
-0.3830,4.2896
10.2387,-0.6982
9.6394,-1.2397
10.2828,2.6770
-1.8873,5.7505
12.7703,4.9833
11.2098,5.7930
4.0121,-3.8847
11.5874,-1.7177
8.5315,-2.4219
10.4619,13.7377
12.9093,2.9146
0.9447,2.5949
12.6391,0.8243
10.7267,2.0810
12.8200,4.9775
-1.7471,8.8086
10.1427,3.9175
11.0323,13.1970
11.2200,3.9455
14.6464,3.8304
11.7897,12.2288
4.9495,-1.6248
-0.2410,8.9929
12.0797,4.6578
12.9727,0.9676
15.6491,3.2086
0.6492,5.1168
0.3424,9.4387
11.3612,5.6641
10.0573,5.7632
11.3946,2.5485
3.1747,-3.1212
13.0920,-3.6420
12.7023,3.5976
0.9356,5.6751
1.2078,8.7928
10.7128,-3.4604
10.4490,12.7646
10.9615,-2.9363
1.1979,8.6784
-0.1912,9.3115
11.1940,-4.3475
11.4455,13.8842
0.6715,4.8519
-0.0136,7.0536
11.3847,5.2586
12.1998,-3.8986
12.7856,2.6701
-0.1049,2.1065
-0.3008,6.8163
13.1997,-2.2960
15.1481,3.9636
-1.3861,5.0924
10.7376,-0.1370
12.4531,-3.7118
10.9243,2.5881
12.4259,-2.9287
10.5281,6.2262
11.6751,6.2351
12.3926,4.5920
9.7762,-3.2514
-1.6180,7.6350
11.2633,-4.2304
8.8021,11.3345
11.0302,-0.0769
13.3492,-2.5119
8.7995,-1.0345
9.7051,-3.5335
10.6885,14.4673
9.1778,14.1558
0.4095,5.2128
-1.0420,3.1231
12.1602,2.7359
10.1130,2.5976
10.2602,-4.0636
9.6810,12.1071
9.3983,12.5556
-1.5698,7.9559
9.3867,14.4160
12.6113,-0.3506
-2.1715,4.6965
13.8107,3.7936
12.5367,2.9951
0.6418,2.9582
8.2859,-3.6561
11.0844,1.9528
-1.8344,7.5990
9.6288,1.5179
2.9348,-3.7711
-0.2797,3.2051
14.6920,3.4646
8.8255,-3.1358
11.2730,14.2964
10.9992,-4.7281
14.2661,2.6908
5.9896,0.9969
0.2205,10.4382
5.9697,1.0424
13.0301,-3.3021
4.3017,-2.8361
10.4333,13.8566
-1.1806,10.4644
10.7879,2.8492
11.3008,-3.2705
11.1394,12.4358
13.0728,4.1979
12.9342,-4.1165
10.8184,-2.6124
11.0460,6.3888
11.1365,-0.5307
-1.0225,3.2275
11.2215,12.6736
4.2023,-3.4148
4.9133,-0.1760
9.0786,-3.0185
12.8454,-0.1235
0.7218,2.5576
13.2650,-3.5145
0.6803,5.1487
0.6606,8.0939
3.4875,-3.6427
10.2240,13.2925
1.1419,9.5520
12.7347,1.6783
-0.4057,10.0499
10.4844,-1.0105
-1.9054,8.4898
3.3669,-4.0419
11.2458,2.4562
11.1841,13.7716
15.2754,3.4655
7.9861,-3.0357
11.4634,-3.4186
13.2383,-3.6362
9.0421,-3.5099
9.9502,-2.2927
3.5218,-3.9230
9.0757,14.4928
9.6372,-1.5484
8.8591,11.7043
8.0620,-3.0238
3.2208,-3.4567
9.9475,12.8967
10.4210,5.6788
-1.1782,3.5934
8.9132,11.4669
11.4915,13.9229
12.7705,0.6529
9.9597,-0.1884
11.4854,4.7700
-0.3713,10.0770
12.9427,-2.0477
10.6068,-2.1090
0.2574,2.0026
-0.2645,10.6747
13.0626,0.7048
10.9541,-5.3283
10.8915,14.1536
12.1428,4.4609
15.0658,3.9494
5.2308,-0.5149
-0.1574,10.3040
9.9887,5.7069
10.4810,13.6451
9.3766,-1.4220
4.2835,-1.6850
5.1010,-3.5402
10.9725,6.5350
10.6062,-4.9294
3.0593,-2.8482
-0.4085,10.5218
12.6776,-3.0861
-1.6330,7.0462
0.9250,5.6120
-2.0236,5.8442
-2.2752,4.8384
-0.3941,9.3910
12.3515,5.9312
15.3143,2.9400
10.1599,6.3930
-2.1627,6.0805
15.4018,3.2149
8.1310,13.5702
4.9252,-0.8632
-1.4203,4.4224
10.9029,13.2721
12.6624,-3.0336
10.9912,6.4104
10.7169,14.2576
1.5810,4.4315
12.1271,-2.3187
11.1359,5.2086
15.4192,2.6972
8.7834,-3.0723
-1.7123,5.7074
15.5964,3.7600
10.4568,-2.4450
9.8893,0.0269
-1.6018,4.6324
11.7118,4.7667
12.1111,5.8125
0.4574,4.5924
12.3049,2.9002
10.2368,-4.0477
9.5593,5.1854
11.5428,-0.6523
10.4601,14.2470
14.9148,3.5909
10.3229,-0.7708
0.3420,8.6961
12.4922,2.7511
12.9022,-0.4824
-1.2458,3.1090
0.1089,9.4067
1.1402,2.2242
1.8682,4.2474
1.6617,3.1473
9.1780,11.9723
-0.7426,4.9049
1.9628,3.8273
0.4917,8.1377
9.0557,-2.2103
10.8109,2.5717
9.2782,14.4825
10.7061,-4.3697
10.1818,-3.7159
12.3354,5.0446
1.2281,4.6423
12.1601,6.0100
12.8545,3.1403
-1.8822,4.1046
11.1198,-2.9850
12.2807,-3.9573
1.9081,4.1078
1.0100,8.3906
11.1654,14.2275
12.2086,12.3171
1.1764,8.4140
1.0699,8.4385
10.7972,6.3832
9.6263,-0.7372
9.7043,5.4489
14.7565,4.0799
12.5335,1.4977
11.3620,-1.4369
12.1418,1.5327
9.3884,-3.7211
0.0192,10.5980
-1.7437,4.3546
-1.5621,9.7765
12.0241,5.4874
10.8576,5.9725
10.7678,6.1121
11.2549,-4.4799
-0.0804,7.1995
14.6697,4.3710
5.3547,-0.1384
1.0075,2.2139
10.2316,-2.5657
15.4124,3.8333
4.1609,-3.4019
2.0144,3.8404
11.0550,12.1564
12.5716,-4.1922
4.7880,-0.1584
8.2906,13.6506
15.5876,2.8960
-0.3080,8.3259
-1.4887,9.6207
10.0623,12.4228
-1.1151,5.3318
2.9376,-2.7412
-0.9655,9.4408
9.0089,14.6078
0.6429,4.9948
-1.5126,9.2590
8.5081,-2.3669
-1.7757,6.4589
11.8511,12.3159
9.3876,5.2740
6.1265,0.9570
15.5174,3.2894
1.4929,4.6109
10.8077,-3.3391
-0.0763,6.0122
5.7400,-3.4255
10.7242,-1.2204
12.7070,-1.6735
12.8244,-0.6005
12.9138,-2.2715
0.9040,4.5445
9.7256,-1.8928
12.0166,-2.6331
3.3973,-2.8316
13.3869,3.0612
12.3134,-3.7448
12.6933,3.5688
15.5388,3.9001
0.9857,8.3879
10.7529,-2.1472
12.1555,4.6614
11.8287,2.8277
13.5216,2.8230
-1.2399,3.0898
3.2587,-3.9555
11.3423,5.6391
13.2155,-4.0540
10.3912,2.9349
13.0737,1.2219
10.7030,0.3042
-1.7032,6.9500
10.4566,2.6302
9.1578,-1.2966
12.1670,12.4693
0.7878,8.9675
15.1658,3.2426
4.9418,-0.5025
12.0325,-2.4793
13.8078,3.3346
-1.5785,8.3938
13.0087,2.6554
9.5367,-1.1410
5.5368,0.3344
11.5976,2.5618
0.4729,8.1187
14.6902,3.6829
11.5358,-1.8473
-2.0868,5.9338
11.5406,-1.6598
12.8863,2.5743
11.0235,12.1384
15.5953,3.6154
9.8139,-1.2977
9.7602,-4.4756
0.2731,2.0504
11.7194,13.3517
10.8586,5.6011
-1.7256,8.3979
14.7878,3.2012
11.5131,3.1084
1.5833,4.7470
0.7814,2.8013
-1.5055,6.8640
10.8990,-1.6354
0.6005,8.9239
9.5608,0.1586
10.3509,0.0081
4.8755,-1.1945
10.6580,5.9766
9.7199,6.1758
-0.4666,8.8304
12.8428,2.6190
2.0308,3.8501
-1.9920,8.4228
8.7827,-4.3933
-1.0671,8.9675
13.0372,0.5670
-1.4620,3.5174
9.3593,-3.0041
11.1741,1.3183
10.3698,3.2321
-0.8432,9.8641
10.6850,13.8126
12.6241,2.6691
11.5935,13.7789
4.2148,-1.9783
11.9716,2.5297
2.6101,-3.7238
10.9915,-5.0904
-1.4048,6.6172
13.0540,5.2931
14.7032,3.0485
11.7619,5.2727
0.6487,7.9946
-0.6518,8.3820
12.5728,-3.8042
1.4552,4.5352
12.1876,-1.9419
-1.1519,9.6413
2.9544,-2.7706
10.5846,-3.5012
10.5873,5.1747
10.8207,-3.3160
0.5119,2.6256
14.9214,3.3413
10.7515,-2.9595
0.9258,4.6957
10.2877,-4.0388
10.6230,-0.6563
1.8608,4.1735
7.3039,-3.5987
10.8273,5.0881
12.5584,2.0516
11.3652,-2.5356
5.5473,0.6909
10.1444,-3.2030
9.7537,-2.1166
11.8438,-3.2330
3.1268,-4.0565
13.1615,3.6037
0.3300,9.4605
-1.7349,6.5946
5.1197,-0.0354
9.6116,-0.0007
-0.5697,8.6877
12.5293,-2.7909
-1.0932,10.1157
-1.0691,10.3156
-0.0552,9.0938
11.6955,1.4731
9.1498,11.6187
11.3492,-3.0902
12.1568,-1.8489
5.5740,-0.6802
-0.3418,8.6113
12.0231,2.6691
10.2458,5.6268
1.1918,8.4910
14.9207,3.2846
-2.2013,5.9090
10.9675,14.5214
9.9732,-3.6207
-1.4834,4.6457
-0.4935,2.5974
10.8459,13.3728
1.6152,4.4159
11.9645,-4.6578
0.0795,7.8823
0.8218,2.3552
5.6852,0.9361
9.9964,5.3270
10.7248,2.6614
8.7175,13.7140
2.9913,-2.7848
10.1658,12.4855
9.9293,-2.4138
-0.4542,10.1356
12.8363,-0.5873
-2.1884,6.1638
0.0422,8.9159
9.0783,-3.5695
1.1392,8.8164
10.5439,-4.9533
1.9419,9.7949
-1.0454,4.2903
-1.0293,3.7036
4.9118,-2.9496
0.5040,3.0876
-0.9811,6.2400
8.1412,13.4814
10.8325,1.8932
-2.0039,4.9356
14.0183,2.5900
-0.7875,6.7787
11.5171,0.2797
8.6753,-1.5026
10.3908,13.1343
3.3523,-3.1315
-1.9772,4.8902
-0.7588,8.8093
11.1095,-5.3264
10.4110,13.8175
-0.9205,9.2972
-2.2321,4.9725
9.5450,0.3684
12.0769,2.7881
-0.0856,4.4221
10.7325,-4.9920
12.1660,5.0607
1.6333,4.6579
3.3061,-3.9725
9.8771,-1.4221
-1.9200,8.2000
11.4900,-4.8916
15.7818,3.1201
10.2162,-4.8364
11.9175,-3.1709
11.5324,6.0698
10.1383,-0.0533
0.0804,9.7084
-1.6917,4.6712
2.6491,-3.7268
9.2157,12.4026
1.7379,4.2257
10.1322,13.2194
4.9422,-1.3622
15.4001,2.8585
12.4744,-4.1701
10.9216,5.1659
2.0160,4.0059
3.1576,-2.5486
10.0305,-1.6901
12.8504,5.0117
15.8272,2.9148
6.1741,0.7302
11.0023,6.4144
12.3644,-2.1775
0.0917,2.1009
-1.7367,6.6728
11.9776,13.0055
-0.8904,9.3929
-1.2029,3.4024
4.9870,-1.2490
7.9577,-2.9507
-1.2052,10.1620
12.0407,1.3484
0.4916,5.6234
7.5168,-2.8762
-1.2254,4.7120
9.9330,12.6378
10.8069,-4.9114
9.6515,-3.3550
11.1215,-3.2339
12.5780,2.6176
4.2668,-3.7252
12.1247,5.5215
8.7934,-1.3419
10.6748,6.1458
11.6004,3.3999
0.0710,10.5890
12.6633,-4.0555
10.8441,-2.0940
9.4250,-4.3369
-1.4898,9.6763
0.8672,8.7420
0.4565,8.0604
-1.8005,6.7619
9.7281,-3.2944
9.5358,12.6493
0.5181,2.2619
12.2573,-1.9927
15.2628,4.2319
10.0721,-3.8431
-1.2799,9.1742
12.1715,12.2836
-1.7240,4.8664
11.2950,-4.4694
11.2292,-0.4400
7.9641,-2.7259
10.6327,14.4993
0.1112,10.6121
12.3830,-3.8759
10.3964,-3.8370
11.1971,13.5708
12.9153,-1.4172
-1.6415,4.4369
12.5503,2.6373
13.3573,3.3775
5.1069,-1.5203
9.2317,-3.7681
12.9421,5.0066
5.6895,0.7018
12.1264,4.2008
11.5863,3.9084
1.8603,4.2831
10.5956,-1.9886
11.5743,12.0585
-0.6453,10.5771
-0.1163,8.8490
-0.5434,3.2116
10.5164,6.4880
10.9827,14.1150
8.8927,13.1109
-1.2946,2.9539
10.3610,-3.9526
-0.6494,10.4543
0.9608,8.3589
-1.2820,3.3824
9.3897,11.6462
8.9919,-3.6183
12.3516,-4.7602
3.5391,-3.6659
12.6637,-2.7829
0.4858,8.3451
12.5556,-1.8631
11.6448,5.5878
10.6321,12.8557
11.1452,-0.9868
0.1594,9.1431
12.4719,-4.5005
-2.0138,5.9359
1.1092,2.2552
-0.7451,10.6272
9.5689,13.4238
1.4679,2.1581
11.0202,-2.0498
13.0366,3.6015
15.3874,2.6033
4.2733,-2.9094
8.7834,13.5174
15.8806,3.1378
5.7489,0.9791
9.1139,-1.2593
10.6732,12.8472
10.2157,-0.0560
3.6722,-3.5978
11.1883,5.7022
11.8665,-5.2514
0.2078,5.8106
15.4027,2.4013
12.3690,4.3746
12.7957,-4.1046
4.5306,-1.4724
-1.8288,6.6316
14.3098,2.2644
9.4336,0.1063
11.7394,-5.3282
10.4503,-3.0467
13.8491,2.3741
12.3405,2.8152
10.7027,5.9261
9.9140,-2.8389
9.0533,11.5222
0.7670,5.2684
0.2812,2.9665
10.2640,3.4171
-1.1288,6.1746
11.3651,-4.0762
3.2972,-3.9766
-1.0260,3.0595
11.5024,6.0348
9.4669,0.3678
14.1401,2.4150
10.2536,3.0425
12.2234,-4.1414
9.6011,-4.0130
10.5677,14.4578
1.3647,9.6808
2.9302,-3.7885
-0.9214,6.1717
5.2117,0.1258
-0.4616,7.2380
-2.0771,6.5752
15.7240,2.8473
-0.6859,2.5152
14.7042,2.4341
10.5552,6.1806
15.0547,3.2451
1.0801,2.7404
-0.5392,4.7698
10.2999,-3.7023
12.3292,3.4860
9.6786,12.4212
-1.1005,10.4630
10.4966,6.1446
13.7609,4.2571
10.8737,-3.3142
10.3977,3.0303
12.1159,5.9595
9.3145,-3.5861
-1.2627,4.6304
10.4129,2.5773
4.8471,-1.3342
5.0911,0.2094
5.3537,-0.2939
5.8325,0.3269
9.0765,13.7099
11.9729,1.5815
-0.8210,9.8387
-2.3439,6.0710
5.1069,0.4134
-1.0314,9.6410
9.4221,-3.7610
-0.2951,10.7443
14.7397,3.2080
12.8969,-1.8240
12.4676,-0.1532
10.5502,12.5469
10.7525,6.4979
3.7731,-3.2309
-0.1678,6.9033
9.2309,12.2164
4.0981,-1.9274
9.9331,12.5891
2.1888,-2.8052
10.6154,-4.3580
0.5431,2.7514
12.3445,-1.3722
9.7163,-3.4143
12.8583,3.6305
10.5983,2.6704
9.6451,-2.5303
0.0654,9.2257
-0.6094,9.0192
6.8247,-3.6241
0.5229,2.4546
5.1144,-1.8538
15.7644,3.3104
-0.1101,6.3480
9.2571,12.0871
10.9146,-5.0775
10.4437,4.9566
10.9478,4.5086
3.9721,-3.9078
13.3009,-3.4247
12.0142,0.8740
-1.5105,5.0442
0.3834,4.9931
10.3709,-0.2482
1.9057,9.7548
9.5146,12.3187
9.3298,11.8057
-1.5609,7.4605
11.1945,-1.4090
9.1986,-4.8457
12.8994,3.5280
11.8912,1.2553
0.9957,4.2783
12.4027,1.0776
12.2916,2.7642
-1.5708,3.9568
1.9063,3.6656
12.3131,3.3584
11.4468,4.0701
13.1355,0.3356
-0.3586,6.5206
-1.7890,8.3165
9.7820,-0.5002
-1.6347,6.3160
11.5635,-5.1540
-1.1414,9.2345
12.5442,2.1120
10.9432,-1.8256
11.6364,6.0960
14.0772,3.8653
12.2562,2.6895
1.0552,2.2212
-0.4791,10.7757
-1.3864,4.1935
4.8790,-0.9800
-0.6822,2.7372
12.1842,-1.2222
4.8423,-0.6119
-0.0925,10.0798
12.9083,-0.3827
12.1366,5.3431
-1.3693,4.2646
10.1887,5.7915
1.8655,2.8297
9.4103,-1.9650
9.6836,5.2627
11.7961,13.9296
13.8565,3.6387
-0.7945,2.7791
-0.4549,2.2404
9.8631,4.1478
-1.2929,3.6947
9.7573,-3.7689
9.6792,-1.0891
-0.6555,2.3916
0.6027,8.1086
10.5035,-4.5168
11.1242,-4.6977
10.6857,6.1686
9.7452,-3.7397
10.8361,-4.0359
-1.7415,7.3256
11.3504,5.1481
12.7566,1.4239
12.8276,1.3017
-1.4553,9.9240
-0.1640,2.7157
10.4871,2.8393
12.1478,2.6113
-0.2623,8.3090
3.8166,-3.8630
10.6042,12.9281
13.3608,3.3174
9.5067,-4.2897
9.1328,14.0569
-0.6821,8.2054
1.9996,9.8525
10.7598,-1.1858
0.5948,6.2598
-2.0218,8.6984
5.4757,0.0228
11.1083,13.4258
9.6075,0.6513
13.0701,0.1969
14.5288,3.9850
10.1587,-1.9323
10.9955,-0.3453
-1.7297,4.9714
10.9829,6.3351
8.1748,-3.6494
8.8451,-3.5464
8.8150,-3.3858
0.3566,10.3634
15.5410,2.4411
-2.2695,6.2038
13.0625,-0.0305
-0.3773,2.3269
10.5054,-2.5628
-1.2229,10.0491
9.4779,-0.9623
-1.5400,8.8928
-1.5066,6.5419
13.3441,-2.4607
-1.2439,9.0296
0.1528,2.8175
0.4375,8.7133
12.3154,-5.2271
0.6595,4.4109
14.6134,2.9868
9.4753,0.2173
12.3452,-4.2834
11.1485,5.9027
-0.5075,9.1938
10.8478,-3.3191
12.6291,5.7976
11.4875,1.9713
10.2916,12.6112
10.0769,-1.2471
0.0914,2.6676
0.9068,8.4286
9.8932,5.6119
10.1739,-3.5522
-1.0490,9.4735
-1.1011,8.8864
11.2954,5.9155
10.8497,2.6570
10.6532,-4.3776
10.9082,-4.0265
-0.9077,6.0712
-0.1594,8.5813
11.0259,14.4718
9.0941,-2.7675
11.4780,-1.2228
12.6154,-4.4218
9.6668,5.2877
12.4973,5.2234
10.5080,-3.7056
13.8927,3.4027
9.4957,-4.3037
12.0690,-2.4258
9.5822,-3.7827
15.3585,3.2264
11.0924,-2.9502
4.9085,-0.6914
1.3481,2.4510
-0.6396,7.0978
9.7743,12.1709
11.7380,-5.1579
12.5813,4.8668
0.7626,5.2760
11.9862,4.2964
12.2226,0.9050
9.3741,-0.5944
-0.2239,7.2466
-0.3937,10.3948
13.1308,-3.7010
12.3204,5.9517
12.3077,4.6487
9.5519,5.9674
14.1185,3.9558
10.8092,-1.0242
12.3880,-4.3475
9.4047,0.1954
11.8326,4.1788
10.5787,3.2716
-1.1659,2.8548
10.7480,13.7298
0.8735,2.0196
7.8874,-3.3617
1.2017,3.6707
10.9498,13.2620
10.5467,14.2277
11.2913,2.6766
2.3816,-3.3900
10.3957,-1.9859
10.5262,2.5468
-2.0136,6.3718
13.0555,-2.0121
8.9019,14.0864
-1.4637,3.7689
13.1134,0.4426
12.3534,4.7507
10.7444,3.1950
4.9174,-0.4240
12.5151,-2.3128
0.2030,7.6936
8.9621,11.8680
-0.5082,7.3674
-0.4224,6.0228
0.6982,8.2198
4.5093,-3.0999
14.5946,3.7172
5.3712,-0.7663
0.4925,8.1967
9.5205,-2.0848
0.1772,3.4497
1.2090,9.1912
11.2677,-1.1772
13.6255,4.8318
13.0582,-4.3718
-2.2886,6.5463
8.2892,-4.0369
3.6176,-2.7766
10.7977,2.0648
10.5478,4.8755
11.8028,12.9690
8.2326,-2.7937
12.5560,-4.0648
-1.2831,5.0105
10.7829,4.7166
0.3001,8.7872
0.2027,7.9196
-1.3149,10.0103
8.9433,-2.1085
11.6899,-1.9767
11.5429,6.3706
11.2403,5.5509
9.2667,5.6090
0.3792,6.4997
-1.9101,5.2774
10.4127,-4.9018
9.7571,-3.5702
0.1900,8.9522
-0.5291,9.9277
11.3148,0.9262
10.8835,-3.2070
12.5787,1.7886
0.8220,5.1631
11.3595,13.9069
0.2768,9.0697
10.6158,-5.1388
1.1931,8.8437
9.4089,12.4106
11.3386,-3.9713
10.5255,-1.0135
0.7641,2.7435
9.4074,-1.6166
9.0697,12.5512
13.7524,2.4356
12.5380,-3.4958
7.6617,-3.6137
-0.2182,10.3389
-1.5758,3.9860
9.2904,11.9624
-1.6319,4.9857
15.4475,3.1043
0.4852,5.5425
15.3428,2.8630
10.9096,5.6753
4.9287,-1.6416
9.7962,-3.1037
10.4254,0.8025
-0.9821,6.0313
2.8383,-3.3352
12.3927,6.0595
-0.1970,10.2581
11.9355,13.0223
8.8930,13.4548
1.9124,4.2363
10.2073,14.2127
9.5225,-1.8584
11.8408,4.1470
-0.3531,9.3071
11.5405,12.8870
13.0531,0.7607
-1.4663,8.7749
9.3697,-4.7565
13.8868,3.7462
10.3605,13.8198
11.6711,2.7228
9.9949,5.0178
10.8934,-3.0763
12.9634,5.3285
13.2555,2.7605
13.7964,3.7197
7.5185,-2.4930
11.3730,2.5166
5.5673,0.0194
6.5706,0.9178
-1.2028,4.0533
10.9871,13.8762
-1.5090,9.5310
9.8975,12.6325
13.7065,4.6315
14.5828,3.0897
1.9969,9.8945
11.4013,2.5618
11.5616,4.3379
9.4500,-3.5504
1.1936,2.2063
12.0048,1.1963
10.3204,-4.4046
1.8297,9.6365
1.7078,2.3322
9.6234,-1.8275
12.4814,3.5623
1.5268,2.9168
8.9053,11.4307
3.0976,-3.2047
9.2255,13.1537
5.2538,-3.3697
8.7963,-4.0869
10.5324,-5.2432
9.6047,14.1261
-2.2236,6.4142
5.1163,-3.3511
9.4355,13.1930
0.3296,6.2049
9.4961,-3.6185
1.1483,8.5867
10.0742,-1.9826
-1.3211,2.9558
-0.8524,8.4816
13.0869,-2.2297
12.9366,3.7105
-1.4172,9.8142
11.3057,-1.5176
12.0381,5.3101
-1.9372,6.3849
-2.2643,6.0135
-0.5083,9.9969
11.3068,-3.5181
11.8107,13.9464
9.0975,12.1928
-0.2341,8.3956
10.8872,4.3433
0.6024,5.3448
14.4733,3.7885
9.1003,-3.3935
11.8786,-2.6588
9.0281,13.3358
-1.4531,10.0200
-0.4284,10.5820
9.7651,12.4396
11.0622,2.5431
0.0989,8.5034
1.0324,2.0006
10.2154,-0.8713
4.9783,0.2077
11.8527,1.0858
11.1057,-1.3507
10.7325,-2.9799
8.9964,-3.1485
-1.1230,9.7556
9.9440,12.6261
9.7599,-3.3771
-0.6074,7.2655
4.1665,-2.0414
9.4268,-4.7272
0.8659,5.0444
0.0302,2.8522
15.2756,4.0140
8.1867,-2.6322
-0.5846,8.6520
10.7414,-2.4781
-1.6663,3.7352
11.0395,14.5346
0.3514,8.1128
-1.4791,5.9999
13.2065,-2.4080
12.8095,-1.7348
0.6494,3.0101
-1.8017,6.3367
9.4172,-2.9762
12.3095,-4.4734
9.8606,0.3766
8.1374,13.5467
11.7610,2.6032
9.9614,-0.9002
-1.6727,6.6111
11.4306,6.2356
9.5771,-1.8469
12.2765,2.6214
0.0754,9.5331
9.9712,5.6151
-1.1493,9.9281
-1.5802,6.9505
9.8437,-0.9052
-1.8798,5.1954
10.1712,-4.0631
11.3515,14.4882
12.4975,3.4957
4.9530,-3.6117
12.8188,-0.5949
-1.8591,5.2522
10.0744,-3.9228
0.9559,2.0255
4.6873,-2.8177
12.8544,4.8214
4.5219,-1.0679
-1.8589,7.2933
10.2215,-1.1396
-0.2408,3.3495
11.5632,5.8639
3.2901,-2.9785
1.4133,2.5521
11.6824,5.1797
12.4325,2.3096
-1.7185,9.0718
11.6417,4.6859
-0.1528,5.9865
9.0588,-3.9308
15.5718,2.7782
-1.5053,9.6520
9.8751,5.0861
10.3321,-0.2529
4.8339,-0.6113
0.7780,8.6322
-0.7057,10.5519
11.0080,13.7623
-1.4114,9.0071
8.2322,-2.7754
1.1590,8.5240
-0.8432,8.6862
11.3281,12.3644
12.2784,-3.9862
13.1170,-0.8520
9.2157,13.3394
12.6484,2.8500
12.3746,6.0351
10.9837,12.2385
12.0913,-0.5352
9.7787,-3.7511
13.3065,-1.6726
15.2393,3.2737
11.0477,1.3082
10.8547,6.1022
0.8685,5.4259
0.7850,3.3162
-0.1333,2.3202
11.1639,2.4929
10.0292,-1.7164
4.8002,-1.1263
10.9310,4.7295
15.5788,2.5255
11.3972,2.5504
-0.7294,6.5940
7.2581,-3.5972
10.1206,-0.2296
11.9634,5.2028
8.1382,13.5234
-0.0958,6.8451
-1.4422,5.2173
11.7971,13.7108
-0.1742,10.5092
-0.9263,10.3810
8.9596,-0.9035
12.7474,1.0227
10.0769,-0.2197
9.4999,0.9067
11.8576,1.4033
9.6893,0.2620
12.3571,-4.3556
10.8587,13.7708
10.0784,-3.4966
0.2942,2.9984
9.7555,-0.0873
1.0004,5.4245
-0.9920,7.3193
11.6365,5.7811
0.4152,1.9521
12.0219,4.6654
9.6907,-5.1312
11.5021,-2.6946
12.9962,4.8647
-1.0532,3.0097
-1.6720,4.8096
14.4568,3.7011
11.7308,-5.3521
2.6273,-3.1568
1.6484,4.5266
0.4779,5.0984
-0.7534,3.5663
12.4340,-2.6798
12.7879,-1.3701
3.3154,-3.9594
8.5528,12.9253
-1.9692,8.4485
10.6803,6.2566
0.3424,10.3748
3.9131,-1.9928
11.0716,14.4023
0.1151,9.0156
10.7862,5.9646
-1.7349,5.6514
10.0423,-2.4942
11.1792,-5.3353
-2.0170,4.6680
9.7804,-1.8207
11.4310,12.2441
13.2352,4.6640
13.0312,-1.0789
12.2239,12.3026
-0.4839,8.3165
1.5237,2.3036
14.2287,2.9980
1.1190,4.1435
1.8580,4.1079
3.6573,-2.3000
12.1282,-2.0651
-0.7011,4.4561
-0.7323,6.6152
12.1431,5.8642
11.7839,13.7946
9.3106,0.3719
0.6998,9.3312
9.8047,13.0346
11.5350,13.7840
8.0192,-2.1690
9.9811,6.3388
9.6427,-2.0968
9.9545,-2.4685
4.3810,-3.6949
10.3951,4.8847
-1.0729,10.5467
12.6361,-5.0543
4.0212,-2.1288
4.8520,-1.4449
-2.0333,6.3344
8.8275,-3.8244
0.9104,4.6995
-0.1707,3.7966
14.8268,3.3081
15.2362,3.2300
-0.0067,3.2921
5.0745,-1.3725
10.4598,13.4082
-0.6125,10.6229
8.4296,-3.5309
9.9341,12.5598
13.8756,4.3406
12.2919,-1.2742
11.7093,5.6053
14.8579,2.0915
0.0195,2.2296
10.2094,-4.3254
10.4449,-2.7977
15.8024,2.9204
10.9318,12.6949
4.0886,-2.8986
5.9668,1.0653
10.5909,13.0784
12.1574,5.4004
-1.7038,4.8461
4.8535,-0.0348
-1.5392,8.7625
-1.5855,5.9320
10.0041,-0.0117
-1.8844,8.3161
-2.2651,6.2665
0.8894,5.5729
10.6462,12.2337
12.6851,3.7091
12.5145,2.7612
12.0480,1.3453
10.8371,3.9190
5.8318,0.9841
-1.2503,10.1674
9.5337,-0.7549
10.1634,-4.0869
11.1177,5.8238
0.3889,6.2890
11.4017,3.8068
7.8311,-3.1790
-0.0712,7.3737
10.7504,13.3946
8.3407,13.5642
9.0051,-0.6240
10.8888,-3.2691
-0.8291,9.3750
14.2749,3.0040
11.3433,-1.1171
14.8542,4.3789
10.9152,-1.3501
11.5293,-1.0451
11.4081,5.6224
14.7560,3.9551
12.8533,-1.2718
-1.9255,6.1322
8.5674,13.1898
4.9312,-1.2809
-1.5883,9.6891
1.8149,4.4110
1.6480,4.6213
4.9861,0.2769
8.9627,-3.5923
12.4806,-2.4657
10.4531,-0.4579
9.5449,-3.7868
-0.9304,7.5769
-1.5917,7.0018
10.9316,14.1591
9.3493,-2.7198
11.7452,1.3344
4.8900,-0.9025
10.0281,-1.0680
11.1370,14.0474
9.1848,14.5457
10.4079,0.1148
0.8693,8.5921
9.0607,14.6425
13.2233,-2.4318
12.6964,5.2531
1.9095,4.0202
-0.9078,8.9731
11.1022,12.5256
-1.8725,4.8246
6.1910,0.2301
11.9789,6.2043
-1.1665,3.2383
13.3980,4.8266
10.6031,5.4717
9.7521,0.8647
12.3105,4.8103
-0.0667,6.1329
-0.9858,2.8288
9.7433,-1.1590
0.9582,4.9280
9.0191,14.2237
8.1176,13.5691
0.2674,6.0184
8.0485,-2.8914
10.9773,2.6612
10.8814,5.7486
12.6199,-5.0654
8.9403,-3.7573
-1.4313,4.8526
5.3269,0.5489
-2.2344,5.9692
14.3990,3.8649
11.0401,1.4874
-0.5646,10.5840
4.3290,-3.7454
11.7596,14.1342
10.3519,6.0738
0.2546,1.9191
12.2654,4.7706
14.5820,4.3457
9.8863,-0.8811
11.2312,5.2901
4.8389,-0.0970
0.6157,2.5972
11.9929,0.5925
-0.7701,10.4235
12.3899,3.0199
0.0213,8.2995
-1.0405,3.4072
11.0734,6.3059
9.5812,-3.0723
5.0517,0.0696
11.5553,4.9306
9.2685,-4.1560
3.0481,-3.2274
13.4941,3.7601
5.9770,1.0418
-1.9073,6.4836
13.1558,-0.3818
-1.0862,3.3940
12.7183,1.5625
10.3572,4.0351
2.7666,-2.9663
-1.6948,4.7643
10.4424,4.8083
10.8154,-4.7584
3.5435,-3.9044
10.9275,-4.9391
10.6551,4.7215
15.5020,3.2015
-1.6001,7.0478
14.5349,3.7217
10.0989,12.8911
-1.3558,9.7057
10.7039,13.3793
9.6545,5.2562
11.5205,6.3923
-1.7198,3.6551
-1.4376,9.8325
14.9428,2.6502
0.2074,9.8006
-1.3661,3.8872
-1.9574,6.6308
9.4841,-1.5376
15.0434,3.2635
1.7908,4.2832
11.7041,2.9274
-1.9329,4.0515
11.1219,5.8377
-0.2997,6.7259
2.7310,-3.6160
10.0873,0.1437
12.9840,3.8332
-1.8803,8.4301
9.8595,0.3240
12.7607,3.5082
8.6574,13.4114
-2.1103,5.6825
10.9431,-1.4726
-0.5297,9.7526
9.9881,-1.6544
12.2204,-1.7672
-1.8266,7.5612
11.4306,11.9987
3.5008,-2.6880
-2.0742,5.9869
8.9258,13.3296
12.4884,3.1494
8.3246,-3.6732
8.3616,-4.2456
-1.1982,2.8300
11.1629,5.8322
12.7039,0.3250
5.9487,0.7822
-1.5432,9.5810
9.5238,12.8810
-1.7510,9.7537
10.5961,-2.7000
12.3938,-2.8440
-1.6630,4.4977
11.0695,12.0886
1.5024,4.6314
3.6175,-3.0515
15.2131,2.5309
8.5313,-4.3017
9.5572,-1.6588
2.1939,-2.9145
12.6582,1.7647
14.0637,3.0526
10.3103,-4.2488
1.1706,8.7408
11.9967,12.2115
15.4194,3.6478
14.2403,3.1588
10.4830,3.1585
3.1873,-3.6169
-1.3735,3.5795
6.0070,0.2112
1.2997,2.3627
12.2575,4.8337
1.3812,2.3600
13.3219,-1.6463
15.2833,2.2847
4.2591,-1.6837
0.6275,5.0371
2.8753,-3.3789
8.7487,-1.5019
9.1978,-1.2072
12.4056,3.5670
-1.6341,9.7997
0.2413,7.8395
9.0426,-3.6145
8.0904,-2.7231
14.4190,2.0694
-1.1745,9.4659
11.3199,12.2377
-0.1932,10.6325
9.5787,-3.2581
1.2494,2.0344
15.0017,2.6455
9.5679,13.8532
-0.0631,6.0226
-1.7002,9.1004
14.8757,4.3254
10.7815,6.3286
13.0536,-2.8621
1.2069,2.3182
11.1780,6.1693
-1.5615,6.5034
9.4996,0.2008
2.4343,-2.8975
11.6395,1.6200
0.0922,8.8668
11.3247,13.7919
9.7578,-0.0232
14.1085,4.1475
12.8411,1.8743
9.9829,-2.0911
9.7704,12.6932
4.9511,-1.8433
9.4182,-0.7680
0.0351,10.4637
-1.5409,9.6273
-2.1696,6.8142
14.7456,2.6289
-1.8809,4.8368
10.4359,13.7622
10.8379,-2.2220
10.6263,-4.9135
12.9002,-0.9171
12.8484,-1.4588
15.2576,3.3678
-0.3337,2.2692
5.2161,-0.1717
9.6145,-4.8128
11.3047,13.2258
9.7723,6.0470
12.8976,0.8707
-1.7151,3.8312
10.9045,-3.5560
6.1316,-3.4410
9.0570,-0.6158
3.5225,-2.7807
10.1750,5.3662
10.9655,14.6096
9.6081,-0.2868
12.9394,-1.0630
12.7452,1.4475
10.7104,5.9658
12.9047,-4.4462
10.9443,-4.9294
-1.9779,8.4950
9.9593,-2.1950
-0.5162,9.7057
8.6665,-1.1525
8.9428,11.6137
11.4564,2.4965
12.6862,-0.2502
0.0993,9.1157
15.5551,3.4227
5.4386,0.5001
10.6475,14.5341
-1.8474,5.6928
11.6745,-5.2817
12.7494,4.0746
10.8856,-2.9017
-0.1937,4.7857
12.2726,-4.1023
-0.1712,3.4343
9.6658,5.2688
-1.4023,6.7906
0.3519,2.7096
3.9764,-3.9154
11.6257,0.2654
-1.7646,7.4005
0.0803,5.2470
15.0210,3.5466
-0.5179,9.7579
12.3329,-5.1156
-0.9280,4.6472
4.8520,-0.7415
9.6420,-2.4950
-2.1589,4.9465
13.3922,3.2673
13.1387,2.6005
11.4445,14.4581
-0.1490,3.5949
12.7661,3.4357
-0.8196,9.2114
8.7277,-3.5602
-2.1102,5.8769
-1.1667,2.9038
9.2978,-4.2227
13.9446,2.0793
15.4814,3.7183
14.7063,3.9680
12.8028,-0.7873
10.4199,4.6908
12.8486,-0.4439
12.6404,-2.8411
12.2395,-2.2809
-1.5982,9.6820
12.9781,-0.2854
4.9589,-1.4672
1.7342,9.6143
-0.4696,10.1775
14.0222,2.9775
12.8144,-2.9029
-1.2337,6.8085
3.5696,-2.7947
14.7798,2.8434
-1.4664,4.3254
-0.0059,4.8724
14.1297,2.2812
0.2641,5.7346
-1.7132,6.1773
9.2106,14.3273
11.0398,6.4649
14.9296,3.3531
3.6029,-3.9429
-0.7660,2.8479
0.1431,5.8616
9.6320,-3.9266
11.4487,13.3000
11.0652,-4.3737
14.7533,4.2499
-2.2407,4.9006
9.8278,12.8133
11.4976,5.8902
-1.4973,5.0990
-1.4260,9.9580
-1.3775,3.6976
11.6588,14.0386
11.7129,-5.2455
11.2666,-1.6905
12.5126,0.2107
14.4961,2.4389
12.7179,-0.8390
9.9040,-2.1722
3.8887,-2.2061
9.8649,12.4410
0.7073,8.0870
0.8544,8.2690
10.8740,-3.8563
1.7450,9.7276
8.7432,-1.7203
12.5811,-2.2592
-1.9862,8.4477
-0.2633,7.0548
9.4446,-4.7051
10.5784,2.3217
12.5389,3.6117
-0.4622,10.3620
-1.7275,4.8208
0.4849,5.8326
11.2046,12.0877
15.5401,2.7397
3.5997,-2.9665
13.2568,-3.2560
1.9614,3.7853
12.8243,0.9152
10.9851,-3.4760
-0.5766,9.1484
10.3437,14.2247
11.5659,-3.6380
-1.7583,6.4040
12.3852,-2.1472
13.0882,4.6777
11.0281,14.2819
10.4862,-2.6402
12.8280,5.0267
1.4299,4.7202
-1.7465,8.4142
11.4745,4.6404
9.1201,13.3061
9.6657,-1.0411
11.4487,5.3858
10.3156,13.7582
12.1508,3.4365
3.4884,-3.9246
11.5233,2.4674
1.5635,4.6687
15.5134,2.6499
4.0668,-2.1015
15.6408,3.6953
10.7099,12.9268
12.7705,4.3132
5.2608,0.1908
10.8420,-4.5885
13.1825,-1.5537
9.9834,-5.1362
-1.2665,3.0955
-1.2924,2.9079
12.6191,1.7410
8.4796,-1.2940
9.4234,-4.5195
10.7521,-4.8022
0.4081,5.7864
15.4625,3.3001
-2.1775,5.9711
10.6205,-0.9352
9.3799,0.3930
1.2586,2.4639
12.3341,-5.2532
12.4727,-3.0987
1.2526,2.4319
15.0996,4.1895
3.9948,-3.6295
-0.2349,10.5545
12.0937,6.0775
-1.7157,6.6092
4.1285,-2.0366
1.1925,8.5766
10.8149,-4.8614
-1.6452,5.2482
13.0223,2.7478
15.1757,4.3275
10.2926,4.2761
5.1294,0.4567
0.9326,2.8137
5.4025,-0.1926
10.7619,-4.0522
-1.2922,6.2532
12.2286,-2.0222
9.3198,-0.5717
12.4276,-0.2318
12.5673,-4.7612
-1.8556,3.5994
10.8410,14.4897
12.7256,-0.7951
12.9594,4.9950
8.9044,13.2106
10.3798,-4.3941
0.8367,8.4475
1.0720,5.2254
12.8954,-1.5524
9.6224,-3.0824
11.7795,-5.2212
9.8004,12.6016
1.6554,2.3246
6.4728,1.4112
-1.7939,3.7877
-0.3398,10.5877
13.0434,-0.6170
9.4449,-0.3887
9.6322,0.6723
12.7869,-2.3965
10.4879,-1.2040
-0.9929,2.8732
-0.6194,10.5273
10.3052,5.7733
11.2155,5.5878
5.3179,0.4942
-1.7982,4.5235
15.6506,3.1175
4.8712,-0.7030
12.4765,-4.4238
1.0049,2.1923
-0.5970,9.3142
-0.0555,8.4658
12.8338,1.7397
4.9610,-0.6340
10.6100,3.3548
10.2531,-0.5004
0.2590,10.0872
-0.9820,10.1487
-0.2196,10.7619
9.7689,-0.6930
11.5439,5.9504
11.6978,5.6407
-0.8529,8.0852
15.1688,4.2173
13.0873,-3.2298
6.3128,-3.4194
10.1100,-4.6926
-1.4341,9.7451
-2.0636,4.9768
4.3551,-1.7506
4.5477,-1.5931
-1.7752,5.0582
10.2620,-4.4603
9.6519,5.2540
-1.8873,6.9246
9.0876,11.7868
-1.4758,3.6487
4.8836,-1.6892
12.1468,5.7434
-1.8849,9.4410
12.3563,-2.9552
-2.0546,8.4668
4.7791,-1.4430
4.8248,-0.6568
9.2109,-2.8697
-0.8146,5.3221
8.6762,13.3972
10.2227,-2.5398
-0.5148,8.2854
8.3789,-2.7763
11.6566,1.4104
9.7119,-0.6229
12.0553,12.3094
10.4851,14.2319
3.8994,-3.8470
14.8245,2.9432
15.3226,3.2678
10.5888,-3.5552
-0.8714,8.9024
-1.2516,3.7600
12.7226,3.5815
13.2986,3.8537
11.4546,3.7065
-0.2474,6.8682
-1.3774,10.0016
15.0183,2.9782
8.6596,-2.8497
9.6153,0.5140
11.4282,12.2985
12.1410,-2.0093
5.2933,0.5617
10.5808,-0.5225
11.3457,4.4107
10.7865,-4.7199
9.4103,13.1021
10.7437,-4.5705
9.9845,0.0527
-1.1269,8.9993
8.7868,-2.0852
12.8080,-0.8886
11.7655,5.0821
8.8103,11.6286
10.3166,14.0098
10.1831,-0.6488
9.4848,-4.1367
4.1821,-3.7036
11.9030,2.8298
0.0076,7.9463
13.8491,4.6802
10.0278,12.5635
9.0738,14.0314
9.3465,5.4567
4.9608,-0.2628
9.7455,-3.6208
13.7733,2.9430
9.6860,-3.5371
11.0746,13.4930
12.3520,4.4808
12.3211,-5.2466
-1.1286,6.4291
4.2793,-1.8090
8.9311,13.2072
12.0898,2.4545
11.7029,-2.7214
9.3433,-0.5074
10.8108,-1.6371
13.4398,3.1309
1.9769,3.7947
9.2760,-1.5286
9.1590,14.2648
12.6604,5.7916
-1.5496,7.2911
-0.3828,3.8338
14.5437,3.7843
9.3788,-4.0098
12.9600,1.6836
7.8460,-3.0567
4.7516,-3.4137
13.1113,-2.5457
9.5475,-1.9619
9.8980,4.1288
9.0047,11.6975
12.6222,1.7755
12.4182,2.4558
-0.1425,8.1125
-1.8031,9.1110
10.7574,14.0625
9.2240,12.2608
10.5243,-1.8870
15.5612,2.8278
9.6700,-2.0558
10.8958,13.2117
11.2036,12.0200
9.1613,-2.9166
8.5830,-4.2821
12.9975,4.8790
12.3796,4.0753
15.1973,3.0374
9.9498,-1.6629
14.8503,4.3153
10.2917,4.2397
11.4580,-1.4158
7.8222,-3.1511
14.0644,3.1243
10.8764,14.1737
11.3276,4.3327
13.1163,-3.7298
11.1130,5.0012
1.1386,3.9931
-0.1673,2.2178
-1.7811,9.1272
-0.4319,9.7034
1.4697,9.1700
4.5063,-3.7304
3.5522,-2.9283
14.1676,2.9935
9.6191,-0.5211
12.8345,2.8133
0.7083,6.1874
15.6696,3.1824
10.6801,6.2562
10.8205,6.4288
-1.9263,7.8141
15.4818,2.5210
11.1505,5.3244
12.3157,4.5350
11.0243,13.7184
-2.1814,4.9021
-0.6445,6.6771
11.0732,-5.3382
-2.0642,5.7538
12.6059,2.9071
1.1935,9.3155
10.9266,5.9438
5.6772,0.4787
6.2200,0.8034
1.7086,4.5118
10.0415,-3.7217
11.3827,-0.8234
12.7023,-0.7222
0.1003,8.0898
8.9970,14.2162
15.3060,3.6816
15.1070,3.5054
9.4131,-0.5655
0.3295,5.3509
9.0427,14.2967
11.5256,13.1458
-2.2112,6.1382
10.4903,14.2575
10.3720,13.9977
4.9567,-0.7358
13.0355,0.4112
11.1465,6.1160
12.9607,1.1510
9.9749,13.1982
9.6364,-0.3900
1.7515,9.7732
8.2862,13.6619
-0.5077,2.9338
9.5276,-4.1047
-1.5451,8.6076
1.5151,2.2458
14.4725,3.7675
-0.0711,9.2177
-0.0590,9.3133
14.1080,3.4628
4.7780,-3.1918
10.5575,3.9726
1.9749,4.0279
2.3717,-3.4835
9.7983,-1.8092
-0.1918,10.3500
0.4232,2.5443
15.2188,4.2941
10.9492,-4.1380
10.8665,4.6202
13.1277,0.3306
10.3920,4.8421
8.4247,-3.4551
11.1767,5.2559
9.7800,-1.1173
15.4437,2.7855
12.4513,-3.8865
12.3742,2.6703
10.4994,2.5623
-1.9945,6.6696
2.1423,-2.7945
9.7688,-4.3636
9.7035,0.3576
-1.8912,5.1525
10.8066,14.2942
10.9769,4.9028
-1.8700,9.1120
0.4597,8.9405
9.0663,12.4088
4.6669,-1.2625
10.1710,-1.9795
9.0387,11.9581
11.5166,4.7587
10.9220,14.0381
0.4461,10.2868
11.1243,3.8731
14.6691,3.3985
11.3573,12.1702
0.8130,2.3296
12.7028,5.5747
9.1997,13.1330
12.2504,5.2202
5.4060,0.6067
10.9189,5.3275
9.7509,5.9178
15.5374,3.3784
5.2895,-0.7295
0.4871,2.8494
10.9272,-0.1380
10.1547,12.7268
11.0235,14.3282
10.7264,-4.7945
6.1697,1.1593
9.3838,-4.8035
-0.0444,8.3241
-1.0046,4.6998
9.1671,-1.5536
0.3049,8.6064
-0.0442,7.2874
10.8109,-1.7208
4.8933,-0.4413
-0.8107,10.1072
8.2186,-2.6765
4.0798,-2.1097
9.8139,12.6599
-1.5763,8.9729
10.2419,13.7094
12.7946,-3.8649
14.8543,4.0248
10.5018,2.5330
-0.2081,9.0243
11.4456,-4.6998
-0.4622,3.1614
12.7965,-0.7100
-0.8108,8.3911
14.4332,4.0012
9.5542,5.9069
10.5932,13.0811
9.1513,-3.9050
8.5798,-4.1530
5.3303,-0.0218
-1.3242,9.3978
-0.0128,7.7562
10.5928,4.4617
9.4876,12.3332
11.9765,2.5745
5.0556,0.1592
12.0437,12.2226
2.9310,-3.3037
-0.3748,10.2489
9.6236,12.4336
1.1469,2.3927
11.2093,12.6687
0.7602,2.5448
8.4008,13.5533
-1.5352,9.9966
-1.3429,9.9320
12.7288,3.5057
12.4618,3.5372
9.0356,13.2946
11.4613,6.0127
11.7121,2.4905
12.8673,-0.0285
3.7737,-3.7610
-1.1411,7.4269
-1.1227,6.6948
-1.1640,7.5250
-1.4664,6.2515
11.5256,12.1187
15.2101,3.1251
-1.8989,9.1548
-1.9512,4.7443
12.3425,6.0033
15.4890,3.7124
1.2942,4.5960
12.8132,-0.9659
-0.5526,7.6797
0.2671,8.8079
12.8942,3.0587
11.9515,5.7073
5.2058,0.4241
5.8994,0.9904
15.5133,3.9249
4.6694,-1.3998
0.8374,8.2541
-0.9574,3.9663
-0.4262,10.5351
-0.5474,4.0376
12.0936,5.3219
-1.5398,3.5604
-1.7885,9.1381
9.5685,-1.9808
1.6171,2.2125
9.7295,4.4414
9.4390,-3.5906
10.7544,13.3877
10.6432,0.1685
-0.2322,8.6613
-1.5425,9.7912
0.4991,4.7330
10.3462,13.6972
10.1512,-0.5754
8.6592,-1.8851
9.2951,14.0620
-1.6451,5.0586
11.8062,12.9642
12.5197,5.8641
12.2291,12.3634
5.3064,-2.8343
12.0931,5.3087
13.2411,-3.6110
-1.7619,5.8404
11.3876,-2.5766
12.4952,-1.2589
13.2973,-2.4711
9.0219,-0.4461
12.1755,12.3553
-0.8731,10.3381
0.3024,10.3793
4.9803,-0.1997
8.1261,-2.6379
13.7012,4.2671
5.3416,-0.8265
11.2390,4.0763
-1.0798,9.0599
-0.1148,7.1471
-1.9723,5.8357
-1.0664,9.0332
5.5692,-0.4693
11.0841,5.4732
8.9357,11.7998
-1.8193,6.0543
11.8843,4.1755
12.7123,-2.6590
2.8747,-3.8670
4.0640,-3.9082
12.0620,3.1051
-1.2464,8.6539
1.8582,4.3516
6.6192,1.1080
12.7447,-0.5386
12.8229,-3.8858
-1.1589,10.2081
-0.4948,8.3023
4.8152,-1.6682
0.0736,5.4399
10.9199,6.2908
-1.8717,6.5819
-0.3604,5.8844
-0.9232,6.0474
-0.0695,7.8966
5.0200,-1.5620
8.2346,-2.6131
-1.2926,2.8933
14.5475,3.2379
10.8774,13.0990
-2.0986,7.0225
13.1341,-3.0193
-1.5606,9.0733
3.7588,-3.7972
12.3065,-2.8536
-1.2277,9.7446
10.7564,13.8919
12.5632,-3.8592
9.4796,-0.6302
11.4516,4.6783
10.8334,12.6441
0.2139,6.8528
14.8330,4.0072
13.0804,3.4751
8.8514,-1.0106
10.9739,12.1657
11.5615,-5.1806
5.5744,0.5871
9.0196,-1.5174
-1.7011,9.6475
10.2304,-0.5624
13.2397,-3.6307
11.9204,2.5100
1.3596,2.5998
11.3214,-4.8184
0.2168,9.5765
12.3322,2.5957
9.6095,-4.5415
11.4092,2.6402
5.5438,0.3117
10.9583,13.7097
9.6779,-2.7313
13.1681,-2.1246
10.4194,4.9369
12.4313,-2.0434
11.1756,-0.8529
0.5150,8.5258
0.6062,2.5708
9.4952,5.0381
10.9305,-2.7812
11.0501,-1.4032
11.1512,-4.7161
12.8747,-0.5889
11.7164,5.5976
-0.1709,8.5477
9.1156,-2.1880
5.1288,-1.4720
-0.7975,5.7146
4.9226,0.0489
14.8749,3.9648
12.1123,13.0475
-1.1366,2.7871
11.2290,-3.7774
13.0201,0.8868
8.9276,11.4282
12.5828,5.0116
1.0589,4.0656
0.6822,3.4605
4.8565,-0.0576
0.4201,7.9601
8.9906,-3.6702
0.2103,10.3846
10.7454,4.0690
9.5716,12.6697
-1.0511,9.8074
5.2539,0.5826
9.7993,-2.7335
10.4463,-4.9883
12.6713,1.2209
0.8017,2.3612
-0.1495,8.6362
13.6599,2.7679
8.9190,11.4131
0.9899,8.4048
0.7664,2.5760
10.9353,-4.8624
10.4292,-4.4708
9.3026,14.1706
10.6573,-2.4857
11.7022,-3.2459
12.1011,-2.1624
9.9413,-1.0863
10.8560,2.6774
10.8051,-4.7552
-1.6214,8.4838
0.9943,5.4318
-1.1872,10.3562
-0.6938,6.7797
8.3084,13.5349
11.1102,13.8050
0.9935,5.3564
-0.6898,6.7782
-0.3293,2.1680
8.6937,13.4801
-1.0344,6.2304
8.1413,-2.8559
5.2256,0.4832
0.8871,2.7575
7.9678,-3.4895
-0.4972,3.2078
10.6839,3.6738
2.6037,-3.7731
10.3084,-1.4570
1.6450,4.6638
11.7339,-2.1493
12.5313,-5.0370
3.5179,-2.8693
-1.5495,9.9169
12.2524,1.4742
12.2325,-1.8472
14.9827,2.6777
12.5121,-4.2580
11.2162,12.3949
15.6045,2.7220
-1.4360,3.6072
9.4742,-0.7010
12.7348,-3.9157
-1.2322,7.7065
14.0237,4.2701
10.9790,-3.4645
9.6123,-3.7400
12.8827,1.4306
-0.1000,8.1715
4.0116,-3.8399
9.6377,14.2213
11.0965,-1.4004
9.6432,0.4152
-0.5013,8.2975
13.6622,2.8220
11.7267,-1.9535
12.6081,-2.3900
12.2739,0.7480
0.4425,2.6094
10.2343,14.2721
0.3115,9.0510
-1.2737,3.9404
5.7483,0.5199
8.8296,11.4748
11.9003,12.8207
10.5012,-1.0138
-1.8465,9.0849
9.3935,-0.7854
3.9437,-3.4518
10.2858,-4.2746
-0.3617,7.3856
10.3699,3.4231
-0.0420,7.2225
-0.6943,6.4529
10.5324,-1.7562
0.0836,2.2512
10.7580,13.2261
15.7593,3.3499
5.9072,0.8566
12.4474,5.8969
9.3746,12.2028
10.7383,-4.4079
-1.9778,8.2994
1.9063,4.1405
11.2546,-4.3315
-1.5351,4.9347
13.0885,-1.8524
-1.9640,5.7697
3.2632,-3.0648
9.7443,-3.4362
6.1775,1.0987
0.3748,1.9277
-1.1452,9.0295
-1.5156,10.1642
13.0942,4.9403
0.4730,4.7771
9.8610,-3.8469
9.9694,-0.9087
9.0116,-3.7491
-2.3106,6.6953
1.9695,9.7930
3.3762,-3.4023
14.3526,2.9658
11.4163,2.4699
15.6700,3.6863
11.9491,-2.4654
10.9927,13.4762
0.0953,2.9744
5.1240,-1.5587
-0.7812,10.1077
13.3156,-3.4028
-0.7693,2.7045
10.8506,-3.4128
9.3100,5.4647
0.4072,6.3192
11.8641,6.1405
11.8497,-5.3088
-1.3944,3.4680
9.4774,-1.0596
12.9457,-4.3447
1.4621,4.7693
10.9287,2.5792
2.9948,-2.8367
11.0506,-1.1261
1.4415,4.5534
5.0106,-1.4931
-0.0610,10.1964
11.8346,0.2831
10.9772,-5.1460
12.3058,-4.0574
14.5643,3.2227
7.2603,-3.6677
11.3955,-1.0397
-1.8534,5.8034
12.6370,-4.0084
9.9674,-2.7708
7.8122,-3.0876
10.6755,14.3612
8.8337,-1.4184
9.1839,11.5966
11.9505,13.0431
0.5235,2.9494
11.2258,2.6263
2.7685,-2.7541
9.5639,-0.1394
8.8106,13.1518
0.2660,10.3655
-0.3572,9.0330
10.7917,14.1460
11.5913,1.2997
2.5698,-3.2030
-1.0845,3.3466
11.4292,6.1308
-0.6194,2.4282
0.2849,4.2524
11.7356,5.1505
1.4467,2.1933
12.3679,-3.9927
13.0693,3.4404
3.4293,-3.0562
0.9051,5.1018
1.3938,4.3886
-1.4046,3.3966
12.9415,-2.1648
11.2378,-5.2751
9.8569,-2.9126
5.4075,-3.4931
1.1109,8.6955
-1.0126,9.6200
15.7810,3.0696
11.9700,-3.0647
0.1905,10.5073
-0.5847,8.1320
0.1767,8.8281
13.1909,-2.6447
13.1577,4.6551
9.5320,-0.6942
11.9659,3.4195
11.0631,-3.7367
12.2765,-1.8880
10.7239,-4.6016
8.9995,-2.0109
13.1912,4.8132
2.7886,-2.6699
1.0157,9.0503
-0.8320,4.1872
3.3511,-2.8323
11.0031,-1.2196
9.6469,-4.8534
0.1204,2.1649
-0.3251,9.1100
9.6886,5.3561
10.9421,-0.8454
-1.7952,9.1253
12.3743,-4.5787
11.8208,6.1391
9.7836,12.2080
10.0592,-0.9783
7.9111,-3.5222
-2.0975,5.0259
9.3264,0.3456
10.2317,-0.7783
-0.9886,9.8641
11.3830,0.9797
-1.3496,2.7971
9.5646,-4.4047
14.5625,2.3606
10.0877,4.3168
9.6707,-2.1518
3.6166,-3.8845
0.9477,8.5449
10.9098,-0.8951
12.0975,-3.1797
14.9238,2.4611
10.9750,-0.0639
8.6489,-4.1786
0.3556,6.1423
-0.2730,7.5075
12.9717,0.7530
10.2301,-0.8568
15.0723,4.2974
9.2427,-1.2888
-0.2573,8.6631
9.9095,-2.0170
13.2775,-2.4643
15.6074,3.2670
0.0038,8.4977
13.0292,-2.0030
11.3872,-4.1429
9.8906,-1.2914
5.4263,-0.3509
8.3081,-1.5668
-0.8745,2.8900
4.9879,0.1326
4.8916,-1.3708
4.6150,-1.0340
8.3264,-3.9723
1.2149,2.4710
10.3962,-1.7428
10.6756,5.8530
-2.0269,6.5218
12.9289,-0.2391
-1.9633,5.0681
1.8408,4.1676
7.0873,-3.6280
9.9982,-0.6658
3.0692,-3.5965
-2.2287,6.0650
8.7757,13.5807
10.2116,5.9526
2.4880,-3.6607
1.0540,8.5942
10.9806,-1.7490
4.5990,-1.4966
11.0578,14.1754
5.0486,-1.3181
-2.2464,5.9215
3.5707,-3.1145
12.2651,3.7941
12.7619,-1.8110
13.9741,2.6811
9.4754,12.3173
11.5526,12.5551
-0.6989,9.3792
9.9618,-0.6868
-0.1931,10.7166
-0.0471,4.0679
11.5227,14.0090
12.9676,0.0300
12.7674,3.5415
11.6567,-3.3280
-0.2238,5.4996
12.9211,3.1477
-2.0198,4.6840
0.3934,3.1339
-0.0518,8.6921
-1.1140,3.4394
12.3970,-2.2193
0.2175,8.6307
12.4744,5.8892
-1.1831,8.7370
11.3260,12.0735
12.9733,-1.6428
-0.1157,8.1634
13.3015,-3.1646
-1.0523,8.6506
0.2272,9.5311
3.4073,-4.0401
12.8941,-2.2104
15.0259,3.3378
12.9111,1.3870
10.2959,13.8540
-2.0715,5.1313
0.9384,5.6908
-0.2761,7.0766
15.7242,3.4492
10.1044,-0.0060
8.0195,-3.6661
-1.5343,9.6268
15.5220,2.7596
-0.7556,4.1744
10.5851,-2.5755
-1.5574,9.4600
12.1850,1.0368
12.5269,1.1919
2.9826,-3.6738
5.8815,1.0070
-1.0165,10.4486
1.5629,4.4156
10.4243,-4.4339
5.3056,-0.8544
-1.7103,7.0320
11.8429,-2.2911
10.7304,-3.7279
0.8706,5.1393
-0.0390,8.1767
0.2173,7.7953
10.6091,13.4204
1.6631,4.7085
0.2868,2.8011
-1.7678,7.0593
9.5945,14.0978
1.1644,2.4005
8.6527,13.6284
10.7786,-4.9956
14.7553,4.1906
1.0638,2.6595
-0.6221,8.7498
3.8257,-3.7391
12.1364,-2.9635
-0.2345,2.7063
8.1480,13.4095
11.3258,-1.1324
9.8477,4.5435
2.6006,-3.6963
12.9569,2.7146
3.5244,-3.4593
5.7167,0.5253
10.3134,-0.3839
0.9019,4.7214
-0.4412,9.1737
-1.6685,8.1269
11.1675,-4.5740
9.7111,13.5460
3.4157,-3.2417
3.5437,-2.8081
8.2844,13.1488
-1.5466,9.2855
9.3359,-2.7879
12.6998,3.5740
9.9296,5.7397
9.4202,5.9350
11.5908,-1.7770
10.9360,4.6803
10.6984,-4.0280
10.1736,-2.8511
9.1821,14.0966
-1.5138,3.1977
1.1501,2.1092
9.9134,-2.3838
9.5624,5.8710
-0.1041,7.1178
15.4086,3.8650
10.7138,-5.1112
-1.9484,8.3167
8.3879,-3.5133
10.5712,4.8299
-0.0311,9.8068
10.6092,13.4095
12.2605,-3.6864
-0.7930,3.0679
9.9483,-1.6123
8.8996,13.1120
12.4027,-5.1228
10.9959,5.7021
-0.9433,2.7815
10.8483,-3.2764
10.6469,13.6636
10.2090,13.9515
0.0811,2.8322
-0.4360,3.6218
0.3025,2.1604
11.3950,-4.7755
10.4088,12.5771
9.3105,13.0736
13.5007,5.0015
-1.6551,4.4089
3.2180,-3.8162
11.5953,12.8556
-0.4293,7.5178
8.7667,-1.8397
9.0044,-2.9333
9.5682,-4.6559
4.6508,-1.7781
11.3199,2.2600
11.3594,4.8644
11.5503,14.1687
4.9670,0.2285
14.0489,2.8573
15.6764,3.8272
-1.4129,9.3749
8.9836,13.3029
0.9728,8.6320
6.4864,1.3728
12.9452,-3.2446
15.5117,3.8513
5.0248,-0.4364
9.7546,-0.6210
1.5099,4.4992
13.8214,3.4850
14.0460,4.0604
10.3227,12.9875
12.4446,6.0336
15.0518,4.2949
8.6418,-4.4338
1.8930,2.6853
11.6694,-5.1334
15.4350,2.2376
11.1638,4.0911
4.5052,-1.0927
13.1084,0.8525
-0.1534,7.2153
-1.2765,9.6997
12.7556,0.7628
9.9040,-3.5009
-1.8852,3.8120
13.7515,2.9952
-0.2215,2.9943
3.5141,-3.8440
14.8665,3.2791
5.4804,0.6469
10.2177,13.1281
14.3460,3.4496
10.6127,4.1794
9.4045,-3.2874
-1.9748,8.3137
4.3912,-1.6202
-0.3899,9.3070
15.3110,3.2480
-0.8333,10.2923
8.6420,13.3176
12.5929,0.2198
5.7332,0.1083
-1.2683,4.0653
11.3411,5.9268
9.4536,12.2474
11.7675,-2.8126
12.5266,4.9440
5.3392,-0.2938
0.2876,7.8754
9.6668,-1.4148
1.1658,5.1099
10.4217,-2.5481
10.9121,3.5944
12.2872,5.6078
1.1083,2.5050
11.8409,4.5235
13.9928,3.0278
10.4219,0.0108
12.4879,0.3633
-2.0539,5.6086
10.1957,6.0297
1.9475,3.8150
-1.6391,4.8581
10.0093,-0.9435
9.3858,14.1374
6.5816,1.3321
8.8583,11.7673
1.6665,4.3686
3.1847,-4.0040
0.0160,9.2407
11.4075,-1.5183
10.7878,-4.4169
9.7570,-4.3716
-0.3126,10.2555
-2.0242,4.7087
11.8496,-2.4479
11.6893,12.1718
11.2095,-3.8939
0.0119,8.2142
15.7704,2.7721
11.8018,13.9232
9.0877,-1.1508
9.7173,12.1810
14.8133,4.1712
8.9313,11.9158
9.5404,-4.8217
9.2135,-1.3979
4.7021,-1.3591
-0.0665,2.3562
10.8497,-3.4339
10.6466,13.0857
11.8167,-2.6985
6.4418,1.2507
12.5387,5.8663
12.3431,1.0576
-1.4175,4.2524
3.7941,-4.0031
13.1504,2.5631
12.3764,5.9907
9.1987,14.0820
12.5283,3.0039
4.9648,-1.4272
12.5777,-4.3019
11.5956,3.5507
11.0158,-1.7965
0.0294,8.5043
12.1352,-2.7347
0.8833,2.2271
14.1428,4.2399
15.4542,3.0451
10.6446,6.4136
3.6815,-2.2697
-2.3372,6.1840
-1.0088,9.6048
11.0895,1.2661
0.3656,3.7618
-0.9791,3.6080
-1.7977,8.5595
11.3823,12.0714
3.1004,-3.2150
10.2340,-3.8467
12.9632,-2.4685
0.1521,2.3617
10.6872,5.4771
11.3137,6.2902
0.8020,3.5181
11.0889,5.0537
12.4287,4.6967
1.4104,4.8971
3.9008,-3.4282
15.3942,2.6679
14.9381,3.1465
-1.7470,5.8299
4.8385,-1.4184
15.0369,2.5101
9.4123,-0.6316
12.1131,-2.4646
1.1839,9.0734
-0.5776,8.3188
-1.5648,7.6780
0.5217,2.6294
8.9877,-3.0102
4.1160,-2.2184
10.4125,6.1115
9.2757,-3.1777
-0.3570,3.2295
10.8406,5.9651
5.6497,0.3341
15.1701,3.1468
8.2639,-3.8084
-1.1622,5.6604
4.3206,-3.7204
13.3865,3.0431
0.7551,2.5179
12.3041,-3.0059
0.4739,6.1065
-1.6638,9.1718
-0.4972,4.3549
11.4350,6.2760
12.6847,1.1308
14.7377,3.7079
2.8470,-3.4239
12.4293,3.5739
11.3408,13.8491
9.5590,-0.7637
-0.9232,3.3046
15.1659,2.9061
-1.7970,5.2771
9.1194,11.8410
0.8610,8.3934
-1.1749,10.0531
12.7536,-3.7517
14.1437,3.7434
-0.0364,10.3818
1.5277,9.6468
12.5832,2.8825
4.8209,-1.3929
9.3594,14.1811
11.8935,-2.0466
12.8244,0.9567
10.8942,6.5118
14.7983,4.3550
5.3631,-0.6830
-0.2171,6.0235
13.3597,3.1860
9.0787,11.7902
-1.5559,8.2940
-1.2821,9.9803
9.3456,14.0458
-0.3531,9.1014
-1.5903,9.6212
9.9443,-2.9176
14.6715,2.7857
13.1316,-3.0136
11.3949,13.2809
13.8361,2.0509
-2.1891,6.8052
12.6505,4.9794
-0.7816,4.6318
2.9814,-3.7563
-0.0906,8.8989
9.8958,-3.6202
13.3149,2.6514
1.6666,9.6261
11.0624,-3.3475
12.1535,-2.8786
9.9653,0.2820
9.9730,12.3147
12.7381,0.3150
0.3082,6.1485
0.1608,4.4599
9.9070,-2.7340
-0.4865,9.2674
-2.0366,5.7489
-0.5667,9.6831
7.4807,-3.7034
8.0721,-2.5663
9.4238,14.1990
10.8033,14.4097
9.6871,6.0331
10.9040,2.7238
9.9120,-2.3486
11.1408,6.2167
4.9874,-1.1518
4.9623,-3.6150
9.9263,13.3739
9.2647,-3.8946
0.5817,2.4819
12.5823,-1.5146
12.7506,3.4402
3.1480,-2.7575
-2.0641,4.8893
-1.3746,9.2917
10.6034,5.5527
13.1115,-2.9118
9.8273,-2.5214
-1.4055,3.5946
12.8400,0.0787
-1.3197,9.1335
-1.3377,4.3201
9.7707,-1.0844
9.2794,13.0530
12.8276,-2.2125
7.9931,-3.4742
-0.3034,6.0262
14.2513,2.7765
12.7008,5.6411
5.8894,1.0168
11.5456,4.2690
11.7376,12.2289
-1.6370,4.4199
9.2737,0.0383
12.0057,4.7042
10.5250,13.7930
0.5889,8.0842
-0.0659,2.2795
5.0066,0.2696
15.3462,3.2053
-2.1019,4.7703
15.7814,3.3914
14.7900,3.4899
12.0066,0.4847
-1.0807,4.0502
12.1550,-2.3465
11.9707,13.0176
13.9331,3.7964
-1.9047,4.8328
0.4244,5.8248
9.6461,5.9833
5.2807,-0.7302
10.6165,2.6073
-1.8443,8.1078
9.7688,-3.7098
11.1848,2.5923
1.3518,4.8463
11.3563,12.4306
-0.7590,10.0575
12.3904,1.5691
14.1343,4.2505
12.7667,-3.3984
9.4019,-4.6822
0.8353,2.5276
-2.1294,6.3809
1.9038,3.9438
13.4140,3.6187
-1.4808,9.5579
9.9828,-3.8184
-1.4365,4.2232
12.7597,5.0464
0.8113,3.9348
-1.6904,6.8154
10.2573,3.8360
11.8320,4.0481
10.7631,14.0339
3.1311,-3.1586
9.0967,13.1496
8.8343,11.8245
12.9885,-2.4727
11.5475,-3.5562
0.4798,3.1008
10.4132,13.6376
9.2507,-4.1489
2.9788,-2.8258
-1.0782,2.9376
9.8224,0.0522
12.1391,12.4390
0.4159,1.9630
14.6980,4.2143
-1.6840,7.3638
11.7670,-2.3108
-0.0752,7.3086
3.1535,-3.7438
10.2302,5.1517
